RK,PLAYER,TEAM,GP,MPG,FG%,FT%,3PM,RPG,APG,STPG,BLKPG,TOPG,PTS,ESPN
1,"Nikola Jokic, C",DEN,61,35.2,0.567,0.858,1.4,11,8.7,1.4,0.6,3.2,26.2,54.5
2,"Giannis Antetokounmpo, PF",MIL,51,33.6,0.568,0.682,1.1,11.4,6,1.2,1.3,3.6,28.5,52.4
3,"James Harden, SG",BKN,42,37.1,0.463,0.87,2.8,8,10.9,1.2,0.7,4.1,25.2,50.6
4,"Luka Doncic, PG",DAL,55,35.2,0.482,0.726,3,8,8.7,1,0.6,4.3,28.4,50.1
5,"Joel Embiid, C",PHI,42,31.9,0.514,0.85,1.2,11,3.1,1,1.4,3.1,29.8,49.8
6,"Stephen Curry, PG",GSW,53,34.1,0.489,0.917,5.2,5.6,5.8,1.2,0.1,3.4,31.3,49.3
7,"LeBron James, SF",LAL,41,33.9,0.513,0.703,2.4,7.9,7.9,1,0.6,3.7,25.4,46.7
8,"Kevin Durant, PF",BKN,25,32.5,0.544,0.87,2.5,6.7,5.2,0.6,1.3,3.6,27.5,46.5
9,"Kyrie Irving, PG",BKN,45,35.2,0.507,0.923,2.7,5,6.5,1.3,0.6,2.5,27.3,46.1
10,"Russell Westbrook, PG",WAS,54,35.7,0.437,0.628,1.3,11,11,1.3,0.4,5,21.8,45.9
,"Bradley Beal, SG",WAS,52,35.6,0.486,0.9,2.2,4.8,4.6,1.2,0.4,3.2,31.4,45.9
12,"Karl-Anthony Towns, C",MIN,40,34.3,0.491,0.868,2.4,10.9,4.5,0.7,1.4,3.2,24.7,45.6
13,"Damian Lillard, PG",POR,55,36,0.434,0.923,4,4.2,7.5,0.9,0.3,3.1,28.4,45.1
14,"Kawhi Leonard, SF",LAC,46,34.4,0.516,0.878,2,6.7,5.1,1.7,0.4,2,25.7,44.4
15,"Nikola Vucevic, C",CHI,62,33.5,0.49,0.836,2.6,11.3,3.7,1,0.7,1.8,23.9,44.2
16,"Zion Williamson, PF",NOR,56,32.9,0.618,0.696,0.2,7.2,3.6,0.9,0.6,2.6,26.9,43.9
17,"Julius Randle, PF",NYK,61,37.5,0.46,0.805,2.2,10.4,6,1,0.2,3.5,23.9,43.5
18,"Zach LaVine, SG",CHI,53,35.2,0.506,0.848,3.4,5.1,5.1,0.8,0.5,3.6,27.5,43
19,"Trae Young, PG",ATL,54,34.2,0.429,0.874,2.3,3.9,9.6,0.9,0.2,4.2,25.3,42.5
20,"Jimmy Butler, SF",MIA,45,33.9,0.494,0.861,0.4,7,7.3,2.1,0.4,2.2,21.5,42.2
21,"Domantas Sabonis, PF",IND,53,35.7,0.52,0.731,0.8,11.6,6,1.1,0.5,3.4,19.9,41.6
22,"Jayson Tatum, SF",BOS,55,35.6,0.453,0.869,2.9,7.4,4.3,1.2,0.4,2.7,25.7,41.3
23,"De'Aaron Fox, PG",SAC,58,35.1,0.477,0.719,1.8,3.5,7.2,1.5,0.5,3,25.2,40.5
24,"Paul George, SG",LAC,47,33.4,0.476,0.892,3.2,6.5,5.3,1.2,0.5,3.3,23.7,40.4
25,"Donovan Mitchell, SG",UTH,53,33.4,0.438,0.845,3.4,4.4,5.2,1,0.3,2.8,26.4,39.6
26,"Shai Gilgeous-Alexander, SG",OKC,35,33.7,0.508,0.808,2,4.7,5.9,0.8,0.7,3,23.7,39.5
27,"Bam Adebayo, C",MIA,55,33.5,0.568,0.804,0,9.1,5.3,1.1,1.1,2.7,19.1,39.4
28,"Brandon Ingram, SF",NOR,56,34.4,0.47,0.886,2.4,5,4.9,0.7,0.6,2.5,24.2,38.5
29,"DeMar DeRozan, SF",SAS,51,34.1,0.493,0.887,0.4,4.4,7.2,0.9,0.3,2,21.5,38.3
30,"Jaylen Brown, SG",BOS,54,34.2,0.493,0.757,2.7,5.8,3.4,1.2,0.5,2.7,24.4,38
31,"Anthony Davis, PF",LAL,26,32,0.513,0.711,0.7,8,3,1.2,1.7,2,21.4,37.8
,"Devin Booker, SG",PHO,57,33.8,0.484,0.858,2,4.1,4.5,0.9,0.3,3.2,25.5,37.8
33,"Malcolm Brogdon, PG",IND,54,35,0.457,0.863,2.7,5.3,6,0.9,0.3,2.1,21.6,37.2
34,"CJ McCollum, SG",POR,35,34,0.446,0.825,3.7,4.2,4.8,1.1,0.5,1.4,23.3,37
35,"Pascal Siakam, PF",TOR,49,35.6,0.457,0.836,1.3,7.2,4.7,1.1,0.7,2.2,21.1,36.8
36,"Clint Capela, C",ATL,54,30.5,0.595,0.583,0,14.7,0.8,0.7,2.1,1.2,15.5,36.6
37,"Christian Wood, C",HOU,37,32,0.523,0.634,1.8,9.5,1.5,0.9,1.2,1.9,21,36.4
38,"Tobias Harris, PF",PHI,52,32.9,0.519,0.887,1.4,7.1,3.6,1,0.9,1.9,20,36.2
39,"Kristaps Porzingis, C",DAL,39,31.4,0.474,0.85,2.2,9.3,1.6,0.5,1.5,1.3,20.4,35.9
40,"Rudy Gobert, C",UTH,60,31.1,0.676,0.617,0,13.5,1.3,0.5,2.8,1.6,14.5,35.6
41,"Khris Middleton, SF",MIL,58,33.2,0.478,0.892,2.2,5.9,5.4,1.1,0.2,2.7,20.1,35.5
42,"Jonas Valanciunas, C",MEM,52,28,0.58,0.771,0.4,12.3,1.8,0.6,0.7,1.7,17,35.4
43,"Collin Sexton, PG",CLE,50,35.7,0.487,0.815,1.7,3,4.1,1.1,0.1,2.6,24.5,35.3
44,"Chris Paul, PG",PHO,60,31.8,0.489,0.929,1.4,4.7,8.7,1.4,0.2,2.2,16.1,35.2
45,"Jamal Murray, PG",DEN,48,35.5,0.477,0.869,2.7,4,4.8,1.3,0.3,2.3,21.2,34.8
46,"Fred VanVleet, SG",TOR,48,36.1,0.393,0.883,3.3,4.2,6.2,1.7,0.8,1.9,19.4,34.3
47,"Ben Simmons, PG",PHI,49,33,0.548,0.615,0.1,7.6,7,1.6,0.7,3.3,14.8,33.6
,"Ja Morant, PG",MEM,52,32.1,0.46,0.734,1.1,3.9,7.3,0.9,0.2,3.1,19.7,33.6
49,"Gordon Hayward, SF",CHA,44,34,0.473,0.843,1.9,5.9,4.1,1.2,0.3,2.1,19.6,33.5
50,"Terry Rozier, SG",CHA,57,34,0.465,0.825,3.3,4.2,4.1,1.3,0.4,1.9,20.6,33.4
51,"Jrue Holiday, PG",MIL,48,31.9,0.506,0.81,1.9,4.5,5.7,1.8,0.5,2.1,17.2,33.2
52,"Kyle Lowry, PG",TOR,43,34.7,0.427,0.88,2.6,5.5,7.3,1,0.3,2.8,16.5,33
,"Jerami Grant, SF",DET,53,34.1,0.428,0.849,2.2,4.6,2.8,0.7,1.1,2,22.5,33
54,"Andre Drummond, C",LAL,35,28,0.479,0.616,0,12.6,2.3,1.6,1.1,3,15.7,32.7
,"John Wall, PG",HOU,40,32.2,0.404,0.749,2,3.2,6.9,1.1,0.8,3.5,20.6,32.7
56,"Michael Porter Jr., SF",DEN,51,31.2,0.543,0.776,2.6,7.6,1,0.6,1,1.1,18.5,32.4
57,"Deandre Ayton, C",PHO,61,30.8,0.625,0.764,0.1,10.7,1.4,0.6,1.1,1.6,15,32.1
58,"John Collins, PF",ATL,53,29.9,0.551,0.835,1.2,7.7,1.3,0.5,1,1.2,17.8,31.7
59,"LaMelo Ball, PG",CHA,41,28.6,0.451,0.789,2,5.9,6.1,1.6,0.3,2.8,15.9,31.6
60,"Dejounte Murray, PG",SAS,57,31.8,0.451,0.796,1,7.1,5.2,1.6,0.1,1.7,15.6,31.4
61,"Caris LeVert, SG",IND,36,30.9,0.434,0.778,1.6,4.5,4.8,1.5,0.5,1.9,18.7,31.3
62,"Victor Oladipo, SG",MIA,33,32.7,0.408,0.754,2.4,4.8,4.6,1.4,0.4,2.5,19.8,31.2
63,"Richaun Holmes, C",SAC,52,29.7,0.644,0.793,0,8.8,1.6,0.7,1.6,1.2,14.3,30.8
64,"D'Angelo Russell, PG",MIN,32,27.8,0.447,0.8,3,2.5,5.2,1,0.4,2.8,19.5,30.6
65,"Mike Conley, PG",UTH,49,29.8,0.446,0.853,2.7,3.4,6,1.4,0.2,2,16.4,30.2
,"Kemba Walker, PG",BOS,39,31.5,0.409,0.918,2.8,3.9,5,1.1,0.3,2.1,18.2,30.2
67,"Harrison Barnes, SF",SAC,58,36.2,0.497,0.83,1.7,6.6,3.5,0.7,0.2,1.6,16.1,29.7
68,"Darius Garland, PG",CLE,51,33.7,0.453,0.849,2,2.5,6.2,1.2,0.1,3,17.7,29.4
,"Jarrett Allen, C",CLE,52,29.1,0.642,0.718,0.1,9.8,1.6,0.5,1.5,1.5,13.2,29.4
70,"Malik Beasley, SG",MIN,37,32.8,0.44,0.85,3.5,4.4,2.4,0.8,0.2,1.6,19.6,29
71,"Andrew Wiggins, SF",GSW,61,33,0.471,0.697,2,4.8,2.3,1,1,1.8,18,28.6
72,"Al Horford, C",OKC,28,27.9,0.45,0.818,2,6.7,3.4,0.9,0.9,1,14.2,28.3
73,"Enes Kanter, C",POR,60,25.8,0.611,0.781,0,11.4,1.3,0.5,0.7,1.2,11.9,28.2
74,"Lonzo Ball, PG",NOR,47,31.3,0.422,0.78,3,4.2,5.7,1.4,0.6,2.1,14.1,28.1
75,"RJ Barrett, SG",NYK,62,34.6,0.446,0.744,1.5,5.7,2.9,0.7,0.3,2,17.5,27.8
76,"Dennis Schroder, PG",LAL,57,32.1,0.441,0.843,1.2,3.5,5.8,1.2,0.2,2.7,15.7,27.6
77,"Norman Powell, SF",POR,58,31.5,0.484,0.861,2.5,3,1.9,1.3,0.2,1.8,18.9,27.5
78,"OG Anunoby, SF",TOR,40,33.2,0.483,0.781,2.4,5.6,2,1.6,0.7,1.8,15.5,27.3
79,"Kevin Porter Jr., SG",HOU,21,31.6,0.421,0.746,1.7,3.8,6.2,0.8,0.3,3.4,15.5,27.1
,"Mason Plumlee, C",DET,55,26.8,0.613,0.669,0,9.3,3.6,0.8,0.9,1.9,10.3,27.1
,"Buddy Hield, SG",SAC,60,34.3,0.408,0.843,4,4.5,3.2,0.8,0.4,1.7,16.7,27.1
82,"De'Andre Hunter, SF",ATL,20,31.3,0.502,0.867,1.6,5.1,2.1,0.9,0.5,1.4,16,27
83,"Thaddeus Young, PF",CHI,57,24.1,0.58,0.628,0.2,6.2,4.2,1.1,0.6,2,12.1,26.9
84,"Thomas Bryant, C",WAS,10,27.1,0.648,0.667,0.9,6.1,1.5,0.4,0.8,1.1,14.3,26.8
85,"Evan Fournier, SG",BOS,32,29.5,0.446,0.798,2.6,2.7,3.4,1,0.4,1.9,17.5,26.7
,"Anthony Edwards, SF",MIN,62,31.5,0.4,0.784,2.3,4.5,2.7,1.2,0.4,2.1,18.3,26.7
87,"Chris Boucher, PF",TOR,59,24,0.519,0.787,1.5,6.7,1.1,0.6,1.9,0.8,13.6,26.5
,"Jaren Jackson Jr., PF",MEM,3,21,0.486,0.75,0.7,6,1,0.3,1.7,1,16,26.5
,"Myles Turner, C",IND,47,31,0.477,0.782,1.5,6.5,1,0.9,3.4,1.4,12.6,26.5
90,"Draymond Green, PF",GSW,53,30.9,0.422,0.779,0.5,6.8,8.8,1.6,0.8,3,6.6,26.3
91,"Marcus Smart, PG",BOS,41,32.6,0.411,0.796,2,3.4,5.5,1.5,0.5,1.8,13.6,26.1
92,"Bogdan Bogdanovic, SG",ATL,37,29,0.457,0.892,3,3.7,3.2,1,0.2,1.3,15.2,25.8
93,"Montrezl Harrell, C",LAL,60,24,0.621,0.718,0,6.6,1.1,0.7,0.7,1.1,14,25.7
,"Tyrese Haliburton, PG",SAC,55,30.1,0.47,0.846,2.1,3,5.2,1.3,0.5,1.5,12.8,25.7
95,"Jordan Clarkson, PG",UTH,57,26,0.418,0.924,3,4,2.3,0.9,0.2,1.7,17.4,25.6
,"Kyle Anderson, SF",MEM,58,27.2,0.464,0.785,1.3,6,3.5,1.2,0.8,1.2,12.2,25.6
97,"Coby White, PG",CHI,58,30.8,0.416,0.913,2.1,4.1,4.6,0.6,0.2,2.2,14.8,25.3
,"Kelly Oubre Jr., SG",GSW,54,30.8,0.443,0.704,1.6,6,1.4,1,0.8,1.3,15.5,25.3
99,"Derrick White, PG",SAS,36,29.6,0.411,0.851,2.3,3,3.5,0.7,1,1.3,15.4,25.2
100,"Tyler Herro, PG",MIA,48,30.7,0.427,0.809,1.9,4.9,3.4,0.7,0.4,1.9,14.9,25
101,"Aaron Gordon, PF",DEN,41,28.2,0.465,0.647,1.4,5.9,3.5,0.7,0.7,2.1,13.2,25
102,"Wendell Carter Jr., C",ORL,47,25.7,0.526,0.732,0.3,8.2,2,0.7,0.8,1.5,11.8,24.9
103,"Eric Gordon, SG",HOU,27,29.2,0.433,0.825,2.6,2.1,2.6,0.5,0.5,1.9,17.8,24.8
104,"Jusuf Nurkic, C",POR,25,23.3,0.493,0.627,0.4,8.3,3.4,1,1,2,10.2,24.7
105,"Devonte' Graham, PG",CHA,48,29.9,0.373,0.824,3.1,2.6,5.4,0.9,0.1,1.5,14.2,24.5
,"Mikal Bridges, SF",PHO,61,32.6,0.528,0.826,1.8,4.4,2.2,1,0.8,0.8,13.1,24.5
,"Kelly Olynyk, PF",HOU,60,28,0.481,0.838,1.8,6.6,2.3,1,0.6,1.6,12.3,24.5
108,"P.J. Washington, PF",CHA,53,29.7,0.438,0.764,1.6,6.4,2.6,1,1.3,2.1,12.3,24.4
109,"Joe Ingles, SG",UTH,56,27.5,0.508,0.847,2.8,3.7,4.4,0.7,0.2,1.6,12.2,24.3
110,"Marvin Bagley III, PF",SAC,37,25.7,0.502,0.56,0.9,7.4,0.9,0.5,0.5,1.3,13.9,23.9
111,"Joe Harris, SF",BKN,61,30.9,0.513,0.78,3.1,3.6,1.9,0.7,0.2,0.8,14.4,23.8
,"Dillon Brooks, SF",MEM,56,29.4,0.417,0.84,1.9,3,2.3,1.2,0.4,1.9,16.7,23.8
113,"Derrick Rose, PG",NYK,41,24.9,0.452,0.844,0.9,2.4,4.1,1,0.4,1.5,14,23.5
114,"Terrence Ross, SG",ORL,46,29.3,0.412,0.87,1.9,3.4,2.3,1,0.5,1.6,15.6,23.4
,"T.J. McConnell, PG",IND,57,25.6,0.561,0.658,0.2,3.6,6.6,1.8,0.4,1.9,8.1,23.4
,"LaMarcus Aldridge, C",BKN,26,25.9,0.473,0.872,1.2,4.5,1.9,0.4,1.1,1,13.5,23.4
117,"Miles Bridges, SF",CHA,60,28.5,0.505,0.851,1.7,6.1,2.1,0.7,0.7,1.6,11.9,23.3
118,"Kendrick Nunn, SG",MIA,47,29,0.468,0.923,2.2,3.2,2.8,1,0.3,1.4,14,23.2
119,"Keldon Johnson, SF",SAS,57,28.7,0.483,0.723,0.9,6.4,1.8,0.6,0.4,1.1,12.9,23.1
120,"Lauri Markkanen, PF",CHI,41,26.7,0.479,0.835,2.4,5.2,0.9,0.5,0.3,1,14.3,23
121,"Delon Wright, F",SAC,42,28.1,0.459,0.806,0.9,4.3,4.6,1.5,0.5,1.3,10.1,22.9
122,"Jakob Poeltl, C",SAS,59,26.3,0.629,0.491,0,8,1.9,0.6,1.8,1.3,8.5,22.7
,"Serge Ibaka, C",LAC,39,23.6,0.507,0.822,1,6.7,1.7,0.2,1.2,1.1,10.9,22.7
,"Markelle Fultz, PG",ORL,8,26.9,0.394,0.895,0.5,3.1,5.4,1,0.3,2.3,12.9,22.7
125,"Bojan Bogdanovic, SF",UTH,61,30.5,0.42,0.873,2.4,3.8,1.9,0.6,0,1.6,15.6,22.6
,"Bobby Portis, C",MIL,56,21.2,0.528,0.759,1.2,7,1.1,0.7,0.4,0.9,11.5,22.6
,"Robert Williams III, C",BOS,47,18.9,0.72,0.646,0,7,1.8,0.8,1.8,1,8.2,22.6
,"T.J. Warren, SF",IND,4,29.3,0.529,0.8,0,3.5,1.3,0.5,0,1,15.5,22.6
,"Goran Dragic, PG",MIA,41,26.5,0.433,0.817,1.6,3.5,4.4,0.7,0.2,2.4,12.9,22.6
130,"Jalen Brunson, PG",DAL,56,25.4,0.522,0.787,1.1,3.6,3.5,0.5,0,1.2,12.5,22.5
,"Kyle Kuzma, SF",LAL,58,28.5,0.438,0.675,2,6.4,1.7,0.5,0.6,1.7,12.9,22.5
132,"Darius Bazley, PF",OKC,45,31.2,0.404,0.718,1.5,7.4,1.6,0.6,0.5,2,13.2,22.4
,"Larry Nance Jr., PF",CLE,35,31.2,0.471,0.612,1.2,6.7,3.1,1.7,0.5,1.6,9.3,22.4
134,"Tim Hardaway Jr., SF",DAL,59,28.3,0.431,0.791,2.8,3.3,1.7,0.4,0.2,0.9,15.6,22.3
,"Kevin Huerter, SG",ATL,62,31.3,0.44,0.79,2.1,3.3,3.5,1.2,0.2,1.2,12.3,22.3
,"Rui Hachimura, PF",WAS,48,31.8,0.47,0.762,0.8,5.7,1.5,0.8,0.1,1.3,13.5,22.3
137,"Jae'Sean Tate, SF",HOU,61,29,0.514,0.718,0.8,5.3,2.3,1.3,0.6,1.2,11,22.2
138,"Will Barton, SF",DEN,56,31,0.426,0.785,1.8,4,3.2,0.9,0.4,1.7,12.7,22.1
,"Cole Anthony, PG",ORL,36,26.9,0.39,0.802,1.1,4.5,4.4,0.6,0.5,1.8,11.8,22.1
140,"Derrick Rose, F",DET,30,23.8,0.422,0.827,1,2.2,4.1,1.1,0.4,1.7,13.1,21.8
141,"Josh Hart, SG",NOR,47,28.7,0.439,0.775,1.3,8,2.3,0.8,0.3,1,9.2,21.6
142,"Brandon Clarke, PF",MEM,50,24.9,0.517,0.674,0.4,5.4,1.7,1,0.9,0.6,10.7,21.5
,"Delon Wright, G",SAC,52,26.8,0.457,0.805,0.9,4.1,4.2,1.5,0.4,1.1,9.6,21.5
144,"Mitchell Robinson, C",NYK,31,27.5,0.653,0.491,0,8.1,0.5,1.1,1.5,0.8,8.3,21.4
,"Marcus Morris Sr., SF",LAC,49,26.3,0.467,0.803,2.6,4.2,1,0.6,0.3,0.9,13.6,21.4
146,"Kevin Love, PF",CLE,18,23.1,0.399,0.805,2,6.4,2.3,0.5,0.1,1.4,11.7,21.3
,"Steven Adams, C",NOR,56,28,0.62,0.444,0,9,1.9,0.9,0.7,1.4,7.8,21.3
148,"Josh Jackson, SG",DET,56,25,0.427,0.731,1.3,4,2.2,0.9,0.7,2.2,13.7,21.2
,"Alec Burks, SG",NYK,44,25.8,0.414,0.865,2,4.5,2.2,0.7,0.3,1,12.6,21.2
,"Blake Griffin, F",DET,26,28.6,0.394,0.707,1.7,5.2,3.5,0.7,0.2,1.5,11.5,21.2
151,"Gary Trent Jr., SG",TOR,55,30.9,0.415,0.78,2.9,2.5,1.4,1,0.2,0.7,15.2,21.1
,"Donte DiVincenzo, SG",MIL,56,27.4,0.415,0.737,1.9,5.6,3.1,1.1,0.2,1.4,10.3,21.1
,"Brook Lopez, C",MIL,59,27.2,0.482,0.849,1.5,4.9,0.7,0.6,1.4,0.9,11.6,21.1
154,"Ivica Zubac, C",LAC,63,22.4,0.643,0.788,0,7.3,1.2,0.4,0.9,1.2,9.1,21
155,"Danilo Gallinari, PF",ATL,42,23.9,0.426,0.935,2.1,4,1.4,0.5,0.2,0.9,13.5,20.9
,"Josh Richardson, SG",DAL,48,31.8,0.429,0.905,1.5,3.5,2.8,0.9,0.4,1.4,12.3,20.9
157,"Robert Covington, PF",POR,58,32.2,0.407,0.83,1.9,6.7,1.7,1.5,1.2,1.1,8.7,20.8
,"Duncan Robinson, SG",MIA,62,32,0.436,0.836,3.5,3.5,1.8,0.5,0.2,1.2,13,20.8
159,"DeAndre Jordan, C",BKN,53,22.3,0.779,0.506,0,7.5,1.7,0.3,1.2,1.5,7.7,20.7
,"Blake Griffin, PF",BKN,35,26.9,0.403,0.73,1.5,4.9,3.3,0.7,0.3,1.5,11,20.7
161,"Ricky Rubio, PG",MIN,58,26.1,0.375,0.856,0.9,3.2,6.6,1.4,0.1,1.7,8.2,20.6
,"Eric Bledsoe, SG",NOR,60,29.8,0.411,0.722,1.8,3.4,3.7,0.8,0.3,1.6,11.9,20.6
,"Doug McDermott, SF",IND,54,24.2,0.524,0.831,1.6,3.6,1.3,0.3,0.1,0.8,13.1,20.6
164,"Luguentz Dort, SF",OKC,46,29.7,0.402,0.741,2.1,3.7,1.6,1,0.4,1.5,14,20.5
165,"Carmelo Anthony, PF",POR,59,24.9,0.411,0.878,1.9,3.2,1.5,0.7,0.6,1,13.5,20.3
,"Shake Milton, SG",PHI,53,23.8,0.448,0.834,1.1,2.3,2.9,0.6,0.3,1.8,13.3,20.3
167,"Cody Zeller, C",CHA,38,21,0.542,0.741,0.1,6.9,1.9,0.6,0.4,1.1,8.9,20.1
168,"Daniel Theis, C",CHI,58,24.3,0.548,0.67,0.7,5.3,1.7,0.6,0.9,1,9.6,20
169,"Naz Reid, C",MIN,60,19.2,0.519,0.73,0.8,4.5,1.1,0.5,1.1,1,11.1,19.9
170,"James Wiseman, C",GSW,39,21.4,0.519,0.628,0.3,5.8,0.7,0.3,0.9,1.5,11.5,19.8
171,"Dorian Finney-Smith, PF",DAL,49,32.3,0.458,0.806,2,5.6,1.6,0.9,0.4,0.6,9.6,19.7
172,"Malik Monk, SG",CHA,32,21.7,0.46,0.815,2.2,2.7,1.9,0.5,0.1,1.5,13.1,19.5
,"Elfrid Payton, PG",NYK,53,25.1,0.442,0.686,0.5,3.6,3.4,0.8,0.2,1.7,11.2,19.5
174,"Seth Curry, SG",PHI,48,28.8,0.448,0.896,2,2.1,2.8,0.8,0.2,1.2,12,19.4
,"De'Anthony Melton, SG",MEM,40,20.5,0.463,0.767,1.9,3.2,2.7,1.3,0.5,1.2,10.1,19.4
176,"Rudy Gay, SF",SAS,52,21.7,0.416,0.802,1.6,4.9,1.5,0.7,0.6,1,11.1,19.2
,"DeMarcus Cousins, C",LAC,34,18.3,0.396,0.711,1.3,7,2.1,0.7,0.6,1.7,9,19.2
178,"Hamidou Diallo, SG",DET,47,22.7,0.468,0.641,0.4,4.9,2,0.8,0.4,1.4,10.9,19.1
,"Moses Brown, C",OKC,32,20.5,0.546,0.625,0,8.3,0.2,0.7,1,1,8.5,19.1
,"Lou Williams, SG",ATL,56,22.3,0.418,0.869,1.1,2,3.4,0.8,0.1,1.6,12.2,19.1
181,"Royce O'Neale, PF",UTH,60,32,0.437,0.857,1.5,7.1,2.6,0.8,0.5,1.1,6.9,19
182,"Jae Crowder, PF",PHO,55,27.4,0.401,0.761,2.4,4.8,2.1,0.8,0.4,0.9,9.8,18.9
183,"Grayson Allen, SG",MEM,47,25.6,0.423,0.862,2.3,3.3,2.1,1,0.2,1,11.1,18.8
,"Reggie Jackson, PG",LAC,59,22.7,0.451,0.805,1.7,2.9,3.2,0.6,0.1,1.1,10.5,18.8
,"Ty Jerome, SG",OKC,28,24.3,0.432,0.741,2.1,2.8,3.6,0.6,0.1,1.4,10.3,18.8
186,"Isaiah Roby, C",OKC,50,23.6,0.493,0.72,0.6,5.7,1.9,0.9,0.7,1.8,9,18.7
,"Nicolas Batum, PF",LAC,59,28.2,0.457,0.846,1.7,4.9,2.3,1.1,0.5,0.8,8.2,18.7
,"Otto Porter Jr., SF",ORL,28,21.7,0.432,0.857,1.4,5.4,2,0.6,0.1,0.9,9.7,18.7
189,"Monte Morris, PG",DEN,44,26.2,0.477,0.789,1.1,2.2,3.2,0.7,0.3,0.7,10.3,18.6
190,"Danny Green, SF",PHI,59,28.3,0.42,0.771,2.6,3.7,1.7,1.3,0.8,1,9.6,18.5
191,"Tristan Thompson, C",BOS,46,23.3,0.53,0.613,0,8.1,1.1,0.4,0.5,1.1,7.9,18.4
,"Saddiq Bey, SF",DET,60,25.8,0.404,0.871,2.3,4.2,1.2,0.7,0.2,0.8,11.3,18.4
193,"Tomas Satoransky, SG",CHI,49,23.2,0.505,0.882,0.8,2.4,4.9,0.8,0.2,1.7,7.8,18.3
,"Bruce Brown, SF",BKN,57,22.4,0.546,0.736,0.3,5.2,1.6,0.9,0.4,0.9,8.8,18.3
,"Justin Holiday, SF",IND,60,30.9,0.404,0.783,2.4,3.7,1.6,1.2,0.5,0.8,10.5,18.3
196,"Jeremy Lamb, SG",IND,36,21.3,0.435,0.947,1.4,3.6,1.5,0.9,0.6,0.6,10.1,18.2
,"Jeff Green, PF",BKN,57,27,0.475,0.78,1.4,3.7,1.6,0.6,0.4,0.8,10.4,18.2
198,"Michael Carter-Williams, PG",ORL,31,25.8,0.389,0.613,0.5,4.5,4.2,0.8,0.5,2.2,8.8,18.1
,"Paul Millsap, PF",DEN,48,21.1,0.485,0.706,0.9,4.8,1.7,0.8,0.7,0.9,8.9,18.1
200,"Isaiah Stewart, C",DET,60,20.4,0.574,0.676,0.2,6.6,0.9,0.5,1.2,1,7.4,17.9
201,"George Hill, G",PHI,19,24.3,0.507,0.8,1.3,2,2.7,0.8,0.3,1,10.1,17.9
202,"Patty Mills, PG",SAS,57,25.5,0.423,0.913,2.5,1.7,2.5,0.6,0,0.9,11.5,17.8
203,"Davis Bertans, SF",WAS,46,25,0.41,0.89,3,3.1,0.9,0.6,0.3,0.6,11.6,17.7
,"Reggie Bullock, SF",NYK,55,28.9,0.443,0.897,2.4,3.3,1.5,0.8,0.2,0.7,10.5,17.7
205,"Immanuel Quickley, SG",NYK,57,19.6,0.394,0.892,1.9,2.2,2.1,0.5,0.2,0.9,11.6,17.4
,"Dwight Howard, C",PHI,59,17.4,0.586,0.572,0.1,8.4,0.8,0.5,0.9,1.7,6.8,17.4
,"Patrick Williams, PF",CHI,60,28.1,0.479,0.758,0.8,4.7,1.4,0.9,0.7,1.4,9.1,17.4
,"Theo Maledon, PG",OKC,55,27.6,0.374,0.733,1.6,3.4,3.5,0.9,0.1,2.2,9.9,17.4
209,"Cam Reddish, SF",ATL,26,28.8,0.365,0.817,1.3,4,1.3,1.3,0.3,1.3,11.2,17.3
210,"Trevor Ariza, SF",MIA,21,27.4,0.396,0.767,1.6,4.6,1.8,0.8,0.6,0.6,8.7,17.1
,"Nickeil Alexander-Walker, SG",NOR,41,20.8,0.418,0.75,1.6,3.1,2,1,0.5,1.4,10.2,17.1
212,"Hassan Whiteside, C",SAC,36,15.2,0.563,0.519,0,6,0.6,0.3,1.3,1.1,8.1,16.9
,"Nerlens Noel, C",NYK,55,23.8,0.617,0.695,0,6.5,0.8,1,2.1,1.1,5.1,16.9
214,"David Nwaba, SF",HOU,30,22.6,0.486,0.691,0.6,3.9,1,1,0.7,0.6,9.2,16.8
215,"Cameron Johnson, SF",PHO,55,23.9,0.438,0.865,2.1,3.2,1.5,0.6,0.3,0.7,9.9,16.7
216,"Patrick Beverley, PG",LAC,31,23.4,0.432,0.805,1.7,3.6,2.1,0.8,0.8,0.9,8,16.6
217,"Taurean Prince, PF",CLE,41,22.1,0.401,0.855,1.5,3.5,1.9,0.7,0.6,1.1,9.5,16.5
,"Tony Bradley, C",OKC,35,16.3,0.661,0.707,0,5.7,0.8,0.4,0.7,0.8,7.1,16.5
,"Cedi Osman, SF",CLE,51,24.6,0.363,0.75,1.6,3.3,2.7,0.9,0.2,1.1,9.6,16.5
220,"Henry Ellenson, PF",TOR,2,19,0.357,0.75,1,6,2.5,0,0,0,7.5,16.4
221,"Kenrich Williams, SF",OKC,61,21.3,0.53,0.559,0.7,4.2,2.2,0.7,0.2,1.1,7.6,16.3
222,"James Ennis III, SF",ORL,39,24.3,0.475,0.815,1.1,4.1,1.5,0.8,0.2,0.8,8.6,16.2
,"Cory Joseph, PG",DET,60,22.7,0.469,0.812,0.7,2.5,3.2,1,0.3,1.2,8,16.2
,"Kentavious Caldwell-Pope, SG",LAL,56,27.5,0.433,0.857,1.8,2.7,1.6,0.8,0.3,1,9.7,16.2
,"Danuel House Jr., SF",HOU,32,27,0.407,0.661,1.6,3.8,1.8,0.6,0.4,0.9,9.1,16.2
226,"Dewayne Dedmon, C",MIA,7,13,0.704,0.917,0,5.4,0.4,0.7,0.6,0.7,7,16.1
,"Robin Lopez, C",WAS,60,19.6,0.633,0.708,0.1,3.9,0.9,0.2,0.6,1.1,8.8,16.1
,"Desmond Bane, SG",MEM,56,22,0.474,0.837,1.7,3,1.7,0.6,0.2,0.9,9.1,16.1
,"Jordan Poole, SG",GSW,40,18.4,0.426,0.885,1.8,1.6,1.9,0.6,0.2,0.9,10.9,16.1
230,"Oshae Brissett, F",IND,9,17.8,0.532,0.762,1.1,4.3,0.6,0.4,0.6,0.2,8.4,16
,"Sterling Brown, SF",HOU,51,24.1,0.448,0.806,1.8,4.4,1.4,0.7,0.2,0.8,8.2,16
,"Maxi Kleber, PF",DAL,44,27.3,0.417,0.914,1.7,5.3,1.3,0.5,0.7,0.7,7,16
,"Mike Muscala, C",OKC,35,18.4,0.446,0.917,1.9,3.8,0.8,0.2,0.3,0.6,9.7,16
234,"Lonnie Walker IV, SG",SAS,48,24.8,0.413,0.794,1.6,2.5,1.6,0.5,0.3,1.1,10.7,15.9
,"Chuma Okeke, PF",ORL,44,25.1,0.41,0.763,1,4,2.2,1,0.5,0.8,7.5,15.9
236,"Willy Hernangomez, C",NOR,37,16,0.559,0.655,0,6.4,0.9,0.4,0.5,0.6,6.7,15.8
,"Nicolas Claxton, PF",BKN,25,18.5,0.583,0.5,0,5,1.1,0.8,1.2,0.6,6.6,15.8
238,"Yogi Ferrell, G",LAC,4,17.3,0.387,0.6,1.5,2,3.5,1,0.3,0.8,8.3,15.7
,"Talen Horton-Tucker, SG",LAL,56,19.6,0.447,0.796,0.6,2.7,2.5,0.9,0.4,1.4,8.7,15.7
,"JaVale McGee, C",DEN,38,14.7,0.524,0.644,0.1,5.1,0.9,0.5,1.1,1.4,7.6,15.7
241,"Cameron Payne, PG",PHO,50,17.3,0.468,0.857,1,2.3,3.6,0.6,0.2,1.1,7.3,15.6
242,"Gary Harris, SG",ORL,28,29.5,0.397,0.812,1.3,2.1,1.9,0.8,0.3,0.9,10.3,15.5
,"Dario Saric, PF",PHO,41,17.5,0.451,0.872,1,4,1.3,0.6,0.1,1.2,9.1,15.5
244,"JaMychal Green, PF",DEN,48,18.7,0.47,0.844,1.4,4.9,0.8,0.5,0.4,0.9,8.1,15.4
,"Tyus Jones, PG",MEM,58,18.4,0.438,0.917,0.7,2.1,3.9,1,0.1,0.7,6.8,15.4
,"Dwayne Bacon, SG",ORL,61,25.4,0.401,0.839,0.9,3,1.2,0.6,0.1,0.6,10.6,15.4
247,"Spencer Dinwiddie, PG",BKN,3,21.3,0.375,1,0.7,4.3,3,0.7,0.3,1.7,6.7,15.3
,"Xavier Tillman, C",MEM,49,19.1,0.552,0.66,0.4,4.4,1.3,0.8,0.6,0.7,6.8,15.3
,"Pat Connaughton, SG",MIL,57,23.1,0.451,0.743,1.5,4.8,1.2,0.7,0.3,0.5,7.1,15.3
250,"Ish Smith, PG",WAS,33,20.3,0.411,0.522,0.4,3.2,4.3,0.6,0.3,1,5.9,15.2
251,"Raul Neto, PG",WAS,55,21.1,0.458,0.857,1,2.3,2.1,1.1,0.1,0.8,8.3,15.1
252,"Eric Paschall, PF",GSW,39,17.3,0.491,0.719,0.4,3.2,1.3,0.3,0.2,1.1,9.5,15
253,"Wayne Ellington, SG",DET,44,21.9,0.445,0.8,2.5,1.9,1.4,0.4,0.2,0.7,9.6,14.9
,"Jaylen Nowell, SG",MIN,38,18.8,0.428,0.824,1.2,2.3,1.6,0.6,0.3,0.7,9.5,14.9
255,"Mo Bamba, C",ORL,37,13.5,0.486,0.659,0.8,4.8,0.6,0.2,1,0.6,7.2,14.8
256,"Luke Kennard, SG",LAC,56,19.9,0.477,0.828,1.6,2.7,1.7,0.4,0.2,0.8,8.4,14.7
,"Garrett Temple, SF",CHI,45,26.9,0.419,0.825,1.3,2.8,2.2,0.8,0.4,1,7.8,14.7
,"Dennis Smith Jr., PG",DET,23,18.3,0.4,0.731,0.8,2.4,3.3,1,0.6,1.1,6.7,14.7
259,"Kenyon Martin Jr., SF",HOU,34,20.4,0.508,0.714,0.4,4.6,0.6,0.6,0.9,0.6,6.9,14.6
,"PJ Dozier, SG",DEN,46,21.2,0.422,0.645,0.9,3.7,1.8,0.7,0.5,0.9,7.6,14.6
261,"Derrick Favors, C",UTH,57,15.4,0.618,0.74,0,5.5,0.7,0.5,1,0.6,5.4,14.5
,"Daniel Gafford, C",WAS,43,14,0.671,0.639,0,4.1,0.5,0.5,1.4,0.7,6.4,14.5
263,"Isaac Okoro, SF",CLE,56,31.8,0.425,0.721,0.8,2.8,1.8,1,0.4,1.3,8.4,14.4
,"James Johnson, PF",NOR,40,20.1,0.442,0.642,0.6,3.3,2,0.9,0.9,1.1,6.8,14.4
,"Aleksej Pokusevski, PF",OKC,38,23.5,0.326,0.781,1.2,4.6,2.1,0.5,1.1,2.1,7.5,14.4
,"Furkan Korkmaz, SG",PHI,48,19.8,0.408,0.734,1.9,2,1.4,0.9,0.2,0.9,9.5,14.4
267,"Taj Gibson, C",NYK,35,20.3,0.622,0.689,0.1,5.4,0.7,0.8,0.9,0.6,5.2,14.3
,"Derrick Jones Jr., SF",POR,53,23.8,0.478,0.64,0.8,3.8,0.8,0.7,1,0.5,7.1,14.3
,"Khem Birch, C",TOR,56,20.8,0.479,0.71,0.1,5.2,1.1,0.7,0.7,0.5,5.9,14.3
270,"Juan Toscano-Anderson, SF",GSW,42,18.6,0.586,0.739,0.6,4,2.4,0.6,0.4,1,5.3,14.2
271,"Marc Gasol, C",LAL,45,19.5,0.444,0.739,1,4.1,2.1,0.5,1.2,1.2,5.3,14.1
,"Armoni Brooks, G",HOU,9,23.6,0.377,0.4,2.3,4,1.4,0.4,0.1,1.2,8.3,14.1
,"Gorgui Dieng, C",SAS,29,14.9,0.512,0.846,0.9,3.9,1.1,0.7,0.5,0.8,6.7,14.1
274,"Jarred Vanderbilt, PF",MIN,54,17.1,0.582,0.564,0,5.4,1.2,0.9,0.7,0.9,5.1,14
,"Alex Len, C",WAS,53,15.4,0.639,0.602,0.2,3.9,0.8,0.3,1,1,6.7,14
,"Landry Shamet, SG",BKN,50,22,0.411,0.857,2.1,1.8,1.5,0.5,0.1,0.8,9.3,14
277,"Terance Mann, SG",LAC,60,19.3,0.484,0.819,0.6,3.7,1.7,0.5,0.2,0.7,6.8,13.9
278,"Jaden McDaniels, PF",MIN,55,23.5,0.443,0.585,1.1,3.7,1.1,0.5,1,0.7,6.8,13.8
,"Markieff Morris, PF",LAL,53,20.5,0.421,0.744,1.2,4.5,1.2,0.4,0.3,0.9,7.2,13.8
,"Bismack Biyombo, C",CHA,54,20.9,0.572,0.478,0,5.3,1.3,0.3,1.1,1,5.2,13.8
281,"Marquese Chriss, SF",SAS,2,13.5,0.357,0.5,0.5,6.5,1,0,1,1,6.5,13.7
282,"Deni Avdija, SF",WAS,54,23.3,0.417,0.644,1,4.9,1.2,0.6,0.3,0.6,6.3,13.5
283,"Kent Bazemore, SF",GSW,57,18.1,0.448,0.692,1.1,3.1,1.6,1,0.5,1.2,6.7,13.3
284,"D.J. Augustin, PG",HOU,51,19.2,0.385,0.932,1.3,1.6,3.3,0.5,0,1.1,7,13.2
,"Jordan McLaughlin, PG",MIN,42,19,0.396,0.75,0.6,2.1,4.1,1.1,0.1,1,5,13.2
,"Alex Caruso, SG",LAL,51,20.4,0.432,0.683,0.9,2.9,2.5,1.1,0.3,1.2,5.9,13.2
,"Payton Pritchard, PG",BOS,55,19.1,0.45,0.906,1.4,2.3,1.8,0.5,0.2,0.8,7.3,13.2
,"Naji Marshall, SF",NOR,21,19.4,0.363,0.648,0.7,3.7,2.6,0.7,0.3,0.8,5.9,13.2
289,"Willie Cauley-Stein, C",DAL,41,17.2,0.628,0.629,0,4.3,0.7,0.4,0.8,0.5,5.6,13
,"Svi Mykhailiuk, SG",OKC,57,19.9,0.409,0.756,1.5,2.5,1.6,0.7,0.2,1.4,7.9,13
,"Damion Lee, SG",GSW,57,18.9,0.467,0.909,1.4,3.2,1.3,0.7,0.1,0.5,6.5,13
292,"Drew Eubanks, PF",SAS,42,13.9,0.571,0.69,0,4.3,0.9,0.4,1,0.9,5.6,12.9
,"Justin Patton, C",HOU,13,19,0.414,0.75,0.7,3.8,1.1,0.9,1.1,0.3,5.4,12.9
,"Jaxson Hayes, C",NOR,49,14.9,0.647,0.765,0.1,3.9,0.5,0.4,0.5,0.6,6.3,12.9
295,"Bryn Forbes, SG",MIL,59,19.1,0.454,0.769,2.1,1.4,0.6,0.3,0,0.6,9.5,12.8
,"Frank Kaminsky, PF",PHO,36,14.4,0.462,0.605,0.8,3.6,1.6,0.4,0.4,0.5,6.1,12.8
,"Killian Hayes, PG",DET,17,22.8,0.339,0.889,0.5,2.2,4.4,1.1,0.4,2.8,5.7,12.8
298,"Freddie Gillespie, F",TOR,9,16.6,0.606,0.917,0,3.4,0.6,0.4,1.1,0.7,5.7,12.7
299,"Austin Rivers, G",DEN,25,21.4,0.428,0.722,1.2,2.3,2,0.5,0.1,1,7.2,12.6
,"Denzel Valentine, SG",CHI,54,17.5,0.379,0.929,1.3,3.4,1.6,0.5,0.1,0.7,6.8,12.6
301,"Denzel Valentine, SG",CHI,54,17.5,0.379,0.929,1.3,3.4,1.6,0.5,0.1,0.7,6.8,12.6
302,"Svi Mykhailiuk, F",DET,46,18.8,0.397,0.805,1.6,2.3,1.5,0.8,0.2,1.2,7.6,12.5
,"Armoni Brooks, G",HOU,10,22.3,0.366,0.4,2.1,3.6,1.3,0.4,0.1,1.2,7.5,12.5
,"Justise Winslow, PF",MEM,21,20.1,0.347,0.6,0.3,4.3,1.9,0.7,0.5,1.6,6.7,12.5
305,"Aron Baynes, C",TOR,50,18.2,0.431,0.73,0.4,5.1,0.9,0.3,0.4,0.9,5.8,12.4
,"Frank Jackson, PG",DET,33,16.8,0.465,0.792,1.5,2,0.7,0.2,0,0.8,8.7,12.4
,"Alize Johnson, PF",BKN,12,10.6,0.612,1,0.1,4.6,0.8,0.3,0.2,0.7,5.3,12.4
,"Andre Iguodala, SF",MIA,54,21.5,0.381,0.647,1,3.6,2.2,1,0.6,1,4.6,12.4
309,"Donta Hall, F",ORL,5,11.8,0.7,0.636,0,3.8,1.2,0.6,1.2,0.4,4.2,12.3
,"Isaiah Hartenstein, C",CLE,44,12.1,0.57,0.638,0,4,1.1,0.4,0.9,1,5.1,12.3
,"Kevon Looney, C",GSW,51,17.6,0.531,0.706,0.1,4.8,1.9,0.4,0.4,0.6,3.9,12.3
,"Rajon Rondo, PG",LAC,37,16,0.415,0.909,0.7,2.2,4,0.7,0.1,1.5,4.6,12.3
313,"Saben Lee, PG",DET,38,15.1,0.464,0.676,0.2,2.1,3.3,0.7,0.3,1.1,5.2,12.2
,"Al-Farouq Aminu, PF",CHI,20,19.6,0.391,0.842,0.4,5,1.5,0.9,0.5,1.4,4.8,12.2
,"Freddie Gillespie, F",TOR,10,16,0.6,0.917,0,3.6,0.5,0.4,1,0.6,5.3,12.2
316,"Facundo Campazzo, PG",DEN,55,20.1,0.375,0.845,1.1,1.7,3.1,1.1,0.2,1,5.3,12.1
,"Jeff Teague, PG",MIL,46,17.8,0.419,0.843,0.7,1.7,2.4,0.6,0.2,1.1,6.6,12.1
318,"Malachi Flynn, PG",TOR,37,17.1,0.368,0.816,0.9,2.1,2.6,0.8,0.1,0.8,6.1,12
,"Frank Mason III, G",ORL,4,19.8,0.375,0.714,0.5,3,3,0,0,1.3,6.3,12
320,"Tyrese Maxey, PG",PHI,52,14.7,0.455,0.86,0.4,1.5,1.7,0.4,0.2,0.7,7.5,11.9
321,"JJ Redick, SG",DAL,39,17.4,0.415,0.94,1.6,1.6,1.2,0.3,0.1,0.8,8.1,11.8
,"Nemanja Bjelica, F",MIA,35,15.3,0.446,0.723,0.6,3.3,1.7,0.3,0.1,0.9,6,11.8
323,"Edmond Sumner, PG",IND,48,16,0.518,0.795,0.7,1.8,0.9,0.6,0.2,1,7.3,11.6
324,"Justin Jackson, SF",MIL,33,16.5,0.406,0.857,1,2.2,1.5,0.5,0.1,0.9,7.2,11.5
,"Abdel Nader, SF",PHO,24,14.8,0.491,0.757,0.8,2.6,0.8,0.4,0.4,0.8,6.7,11.5
,"Damyean Dotson, SG",CLE,36,18.9,0.396,0.676,0.9,2.1,2.1,0.4,0.1,0.8,6.6,11.5
,"Terence Davis, G",SAC,50,15.5,0.42,0.806,1.4,2.1,1.1,0.5,0.2,0.9,7.2,11.5
328,"Kira Lewis Jr., PG",NOR,43,16.4,0.397,0.788,0.8,1.2,2.3,0.7,0.2,0.6,6.4,11.4
329,"Jalen McDaniels, PF",CHA,36,16.9,0.449,0.711,0.6,2.8,1,0.6,0.3,0.9,6.5,11.3
,"Dwight Powell, C",DAL,47,14.9,0.573,0.761,0.1,3.6,0.8,0.6,0.3,0.6,5.2,11.3
,"Goga Bitadze, C",IND,37,11.3,0.458,0.756,0.4,3.2,0.7,0.2,1.2,0.4,5.1,11.3
332,"Brad Wanamaker, PG",CHA,54,17,0.381,0.885,0.3,1.7,2.9,0.7,0.2,1.2,5.6,11.2
,"Avery Bradley, PG",HOU,25,22.2,0.375,0.8,1.3,2.1,1.7,0.8,0.1,1,6.6,11.2
,"DeAndre' Bembry, SG",TOR,41,17.5,0.526,0.689,0.2,2.6,1.9,0.8,0.3,1.3,4.9,11.2
335,"Tony Snell, SF",ATL,40,21,0.517,1,1.4,2.4,1.3,0.2,0.3,0.5,5.5,11.1
,"Ben McLemore, G",LAL,42,16.9,0.376,0.74,1.8,2,0.8,0.5,0.1,0.8,7.9,11.1
,"Torrey Craig, SF",PHO,39,14.3,0.483,0.75,0.7,3.6,0.9,0.6,0.4,0.5,4.7,11.1
338,"Dylan Windler, SG",CLE,31,16.5,0.438,0.778,0.8,3.5,1.1,0.6,0.4,1,5.2,11
339,"Josh Okogie, SF",MIN,50,21.1,0.401,0.798,0.5,2.7,1.1,1,0.5,0.7,5.6,10.9
340,"Dean Wade, PF",CLE,52,17.1,0.425,0.783,1.1,3,1.1,0.4,0.4,0.4,5.1,10.8
,"Robert Franks, F",ORL,7,14.4,0.464,0.923,0.7,2,0.7,0.4,0.4,0.3,6.1,10.8
,"Moritz Wagner, C",ORL,34,12.8,0.485,0.778,0.4,2.7,1.1,0.6,0.3,0.9,5.6,10.8
343,"P.J. Tucker, PF",MIL,42,27.1,0.372,0.783,0.8,4.2,1.2,0.8,0.5,0.8,4,10.7
344,"Timothe Luwawu-Cabarrot, SG",BKN,53,19,0.361,0.8,1.4,2.4,1.2,0.6,0.1,0.8,6.6,10.6
345,"Trey Burke, PG",DAL,51,14.9,0.437,0.86,1,0.9,1.4,0.6,0.1,0.5,6.7,10.5
,"Aaron Holiday, PG",IND,59,17,0.383,0.809,1,1.2,1.6,0.6,0.2,0.9,6.9,10.5
347,"Georges Niang, SF",UTH,61,14.7,0.43,1,1.5,2.5,0.7,0.3,0.1,0.7,6.1,10.2
,"Jaylen Hoard, F",OKC,11,16.5,0.449,0.72,0,3.5,0.8,0.6,0.2,1.3,5.6,10.2
,"Trey Lyles, PF",SAS,23,15.6,0.478,0.652,0.6,3.7,0.6,0.3,0,0.3,5,10.2
350,"Boban Marjanovic, C",DAL,26,8.8,0.505,0.786,0,4.2,0.3,0,0.2,0.4,5,10
351,"Isaiah Hartenstein, F",DEN,34,10.7,0.528,0.588,0.1,3.6,0.8,0.3,0.7,0.7,4.3,10
,"Chimezie Metu, PF",SAC,28,10.1,0.556,0.69,0.1,2.5,0.6,0.3,0.5,0.6,5.1,10
353,"Precious Achiuwa, PF",MIA,55,12.4,0.541,0.515,0,3.6,0.5,0.3,0.5,0.7,5,9.9
,"Cody Martin, SF",CHA,49,16.2,0.453,0.61,0.3,3,1.6,0.7,0.2,0.8,4.1,9.9
,"Matisse Thybulle, SG",PHI,58,20.1,0.413,0.5,0.7,2,0.9,1.6,1,0.5,3.8,9.9
,"Devin Vassell, SG",SAS,50,15.8,0.407,0.879,0.9,2.6,0.9,0.8,0.3,0.4,4.9,9.9
357,"Ed Davis, C",MIN,22,13.3,0.432,0.833,0,5.1,1,0.6,0.6,0.3,2.2,9.8
,"Chasson Randle, PG",ORL,30,19.4,0.388,0.778,1,1.7,1.9,0.5,0.1,1.2,5.7,9.8
359,"Rodney McGruder, SG",DET,16,12.1,0.529,0.75,0.7,1.4,1,0.5,0.1,0.4,5.7,9.7
,"Matthew Dellavedova, PG",CLE,13,17.2,0.25,1,0.3,1.8,4.5,0.3,0.1,0.5,2.8,9.7
361,"Dante Exum, PG",HOU,6,19.3,0.385,0.5,0.3,2.8,2.2,0.7,0.3,1.2,3.8,9.6
362,"Yuta Watanabe, SF",TOR,43,13.7,0.462,0.826,0.7,3.2,0.7,0.5,0.4,0.4,4.2,9.5
,"Caleb Martin, SF",CHA,45,15.1,0.379,0.612,0.6,2.8,1.2,0.7,0.2,0.6,4.9,9.5
364,"Tyler Johnson, SG",BKN,33,17.1,0.405,0.857,1.3,1.9,1,0.4,0,0.4,5.6,9.4
,"Dakota Mathias, G",PHI,8,15.4,0.396,0.333,1,0.9,1.6,0.1,0.4,0.1,6,9.4
366,"Solomon Hill, SF",ATL,61,21.5,0.361,0.735,1,3,1,0.8,0.2,0.6,4.6,9.3
,"Troy Brown Jr., F",CHI,34,15.4,0.431,0.714,0.6,3.1,0.9,0.3,0.2,0.6,4.7,9.3
,"Jarrett Culver, SF",MIN,34,14.7,0.411,0.604,0.4,3.1,0.7,0.5,0.3,0.8,5.3,9.3
369,"D.J. Wilson, PF",HOU,33,11.6,0.407,0.619,0.8,2.8,0.6,0.3,0.5,0.6,4.9,9.2
,"Maurice Harkless, SF",SAC,27,18.7,0.438,0.808,0.6,2.1,0.9,0.7,0.5,0.5,4.5,9.2
,"Grant Williams, PF",BOS,54,18.6,0.424,0.55,0.8,2.8,1,0.6,0.4,0.9,4.4,9.2
372,"Isaiah Thomas, G",NOR,3,16,0.333,1,1,1.3,1.7,0.3,0,2,7.7,9.1
,"Jake Layman, SF",MIN,42,14.3,0.497,0.703,0.5,1.5,0.7,0.7,0.4,0.6,5.3,9.1
,"Nassir Little, SF",POR,41,14.2,0.45,0.81,0.7,2.9,0.5,0.1,0.3,0.4,4.8,9.1
,"R.J. Hampton, PG",ORL,41,14.7,0.426,0.674,0.4,2.7,1,0.4,0.1,0.9,5.1,9.1
,"John Konchar, SG",MEM,35,13.4,0.457,0.833,0.4,2.8,1.1,0.9,0.2,0.5,3.7,9.1
,"Chris Chiozza, PG",BKN,22,10.5,0.352,0.765,0.6,1.1,3,0.3,0.3,0.7,4,9.1
378,"Jabari Parker, PF",BOS,9,11.4,0.545,0.75,0,2.8,0.8,0.1,0.4,0.8,4.3,9
379,"Garrison Mathews, G",WAS,55,17.2,0.411,0.897,1.2,1.5,0.5,0.5,0.1,0.2,5.7,8.9
,"Patrick Patterson, PF",LAC,34,14.4,0.443,0.75,1.1,1.9,0.6,0.4,0.2,0.3,5.1,8.9
381,"Brandon Goodwin, PG",ATL,43,13.2,0.38,0.659,0.7,1.5,2,0.3,0,0.7,5,8.8
,"Glenn Robinson III, F",SAC,23,16,0.424,0.913,0.7,2,0.9,0.2,0.1,0.5,5.3,8.8
,"Onyeka Okongwu, PF",ATL,40,11.2,0.61,0.622,0,3,0.2,0.4,0.6,0.5,3.9,8.8
384,"Nico Mannion, PG",GSW,25,12.3,0.343,0.8,0.8,1.4,2.3,0.6,0,1,4.3,8.6
,"Semi Ojeleye, PF",BOS,51,17.3,0.397,0.75,1.1,2.6,0.7,0.3,0,0.4,4.7,8.6
386,"Darius Miller, SF",OKC,18,10.9,0.458,1,0.9,1.3,1.2,0.7,0.3,0.4,4.1,8.5
,"Jerome Robinson, SG",WAS,17,17.9,0.295,0.8,0.6,2.2,1.5,0.7,0.4,1.1,4.9,8.5
388,"Jordan Nwora, SF",MIL,25,9.1,0.444,0.81,1,1.8,0.3,0.6,0.2,0.8,5.5,8.4
,"Mike Scott, PF",PHI,41,17.6,0.374,0.667,1.1,2.6,0.7,0.5,0.2,0.4,4.4,8.4
,"Mason Jones, SG",PHI,32,10.4,0.423,0.625,0.8,1.7,1.3,0.2,0,0.9,5.3,8.4
391,"E'Twaun Moore, SG",PHO,24,14.5,0.422,0.8,0.3,1.8,1.5,0.6,0.2,0.8,4.3,8.3
,"Jordan Bell, C",WAS,5,13.4,0.35,0,0,3.8,1,0.6,0.6,0.6,2.8,8.3
,"Jahlil Okafor, C",DET,19,11.1,0.597,0.8,0.1,2.1,0.6,0.2,0.2,0.5,4.4,8.3
394,"Thon Maker, F",CLE,8,9.5,0.556,0.909,0,2.3,0.5,0.3,0.5,0.4,3.8,8.1
395,"Harry Giles III, PF",POR,31,10.3,0.425,0.682,0.3,3.9,0.7,0.2,0.3,0.6,2.9,8
,"Stanley Johnson, SF",TOR,52,14.4,0.391,0.828,0.6,2.3,1.2,0.8,0.3,0.8,3.3,8
397,"Lamar Stevens, PF",CLE,40,12.5,0.456,0.725,0.1,2.4,0.6,0.4,0.3,0.6,4.1,7.9
,"Rondae Hollis-Jefferson, F",POR,6,11,0.417,0.643,0,2.5,1.3,0.3,0.5,0.3,3.2,7.9
,"Wesley Matthews, SG",LAL,50,19.3,0.335,0.857,1.1,1.5,0.9,0.6,0.3,0.4,4.5,7.9
,"Reggie Perry, PF",BKN,21,9.5,0.419,0.769,0.2,3.1,0.7,0.3,0.3,0.7,3.6,7.9
401,"Max Strus, SG",MIA,33,12.3,0.448,0.647,1.2,0.9,0.5,0.2,0,0.2,5.5,7.8
402,"Jordan Bone, G",ORL,14,14,0.426,0,0.7,1.7,1.3,0.1,0,0.2,4,7.7
,"Rodney Hood, SG",TOR,50,17.8,0.361,0.826,0.7,1.9,1,0.4,0.1,0.7,4.6,7.7
,"Obi Toppin, PF",NYK,52,11.1,0.489,0.727,0.4,2.3,0.5,0.3,0.2,0.4,4,7.7
405,"Jevon Carter, PG",PHO,49,11.1,0.417,0.5,0.9,1.4,1.1,0.4,0.2,0.2,3.8,7.5
,"Gabe Vincent, PG",MIA,43,13.8,0.362,0.87,0.9,1.1,1.3,0.4,0,0.7,4.9,7.5
,"Amida Brimah, C",IND,2,7,0.667,1,0,1.5,0,0,1.5,0,3,7.5
408,"Paul Watson, SG",TOR,27,11,0.463,0.625,1.1,1.7,0.6,0.2,0.1,0.3,4.1,7.4
409,"R.J. Hampton, F",DEN,30,11.5,0.434,0.682,0.3,2.4,0.7,0.3,0.1,0.6,3.8,7.3
,"Ersan Ilyasova, PF",UTH,11,8.9,0.417,1,1.1,1.7,0.2,0.8,0.2,0.4,4.1,7.3
,"Langston Galloway, SG",PHO,35,10.9,0.467,1,0.9,1,0.7,0.2,0,0.3,4.7,7.3
412,"Gary Clark, SF",DEN,37,17.3,0.305,0.8,0.8,3.1,0.8,0.3,0.2,0.5,3.2,7.2
,"Luke Kornet, C",BOS,25,9.8,0.417,0.5,0.5,2,0.7,0.1,0.8,0.2,3,7.2
,"Damian Jones, C",SAC,28,10.6,0.696,0.727,0,2.4,0.3,0.2,0.5,0.6,3.1,7.2
,"Chandler Hutchison, F",WAS,14,13.2,0.345,0.846,0.3,3.4,0.6,0.3,0,1,3.8,7.2
416,"Thanasis Antetokounmpo, SF",MIL,49,10.1,0.516,0.462,0.1,2.4,0.9,0.4,0.2,0.8,3.2,7.1
417,"Tyler Cook, F",DET,22,11.6,0.596,0.474,0,2.5,0.5,0.2,0,0.7,3.5,6.9
,"Tacko Fall, C",BOS,15,6.7,0.75,0.308,0,2.5,0.1,0.1,0.8,0.3,2.7,6.9
419,"JaKarr Sampson, SF",IND,24,10,0.456,0.6,0.1,2.5,0.1,0.1,0.5,0.5,3.8,6.8
,"Javonte Green, G",CHI,31,12.2,0.513,0.688,0.2,1.9,0.4,0.6,0.1,0.5,3.5,6.8
,"Kevin Knox II, SF",NYK,38,11.9,0.399,0.778,0.9,1.6,0.5,0.3,0.2,0.4,4.2,6.8
422,"Sekou Doumbouya, SF",DET,48,13.4,0.347,0.738,0.5,2.2,0.7,0.4,0.1,0.7,4,6.7
423,"Paul Reed, SF",PHI,19,6.6,0.519,0.25,0,2.2,0.4,0.3,0.5,0.5,3,6.6
,"Charlie Brown Jr., F",OKC,1,12,0.25,1,1,0,0,2,0,0,5,6.6
,"Ryan Arcidiacono, PG",CHI,36,10.8,0.394,0.75,0.5,1.6,1.3,0.2,0,0.2,3,6.6
,"Nicolo Melli, PF",DAL,36,12.4,0.324,0.8,0.4,2.7,1,0.4,0.1,0.3,2.6,6.6
427,"Mychal Mulder, SG",GSW,50,10.8,0.443,0.579,1.1,0.8,0.4,0.2,0.2,0.2,4.4,6.5
428,"Meyers Leonard, C",OKC,3,9.7,0.429,0.5,1,2.3,0.7,0,0,0.7,3.3,6.4
429,"Mamadi Diakite, PF",MIL,12,8.5,0.414,1,0.1,2.3,0.5,0.3,0.4,0.3,2.6,6.3
430,"Tremont Waters, PG",BOS,18,7.1,0.366,0.929,0.4,0.6,2,0.6,0,0.8,2.8,6.2
431,"Aaron Nesmith, SF",BOS,36,12.6,0.376,0.722,0.7,2.2,0.4,0.3,0.2,0.5,3.4,6.1
432,"Anthony Lamb, F",HOU,14,11.9,0.327,0.857,0.6,2.3,0.4,0.1,0.1,0.4,3.6,6
,"Luka Samanic, PF",SAS,27,9.2,0.43,0.5,0.3,2,0.5,0.3,0.2,0.6,3.3,6
434,"Nathan Knight, PF",ATL,28,8.1,0.367,0.822,0.2,2,0.2,0.3,0.3,0.5,3.6,5.9
,"Carsen Edwards, PG",BOS,25,8.5,0.453,0.778,0.5,0.9,0.4,0.2,0,0.2,3.9,5.9
436,"DaQuan Jeffries, F",HOU,24,13,0.387,0.857,0.5,1.8,0.4,0.3,0.3,0.3,3.1,5.8
,"Devin Cannady, G",ORL,8,9.3,0.393,0.857,0.8,0.6,0.1,0.6,0.1,0.3,4.3,5.8
438,"Sam Merrill, SG",MIL,27,7.4,0.484,1,0.7,1,0.7,0.2,0,0.4,3.1,5.7
439,"Zeke Nnaji, PF",DEN,39,9.2,0.484,0.8,0.5,1.5,0.2,0.2,0.1,0.2,3.1,5.5
440,"Bruno Caboclo, F",HOU,6,6,0.471,0.5,0,2.3,0.2,0,0.3,0.7,2.8,5.4
,"Skylar Mays, SG",ATL,28,7.4,0.384,0.88,0.4,0.9,0.8,0.5,0,0.3,3.1,5.4
,"Romeo Langford, SG",BOS,13,15.5,0.308,1,0.3,2.2,0.6,0.3,0.3,0.6,2.5,5.4
443,"Quinn Cook, PG",CLE,23,6.8,0.426,0.875,0.5,0.7,0.8,0.2,0,0.3,3.3,5.3
,"Frank Ntilikina, PG",NYK,24,10.9,0.369,0.5,0.8,1,0.6,0.6,0.1,0.4,3.1,5.3
,"Gary Payton II, G",GSW,10,4,0.769,0.75,0.2,1.1,0.1,0.6,0.1,0.1,2.5,5.3
446,"Wes Iwundu, SF",NOR,36,13.3,0.352,0.828,0.1,2.2,0.4,0.4,0.1,0.5,2.5,5.2
,"Anthony Gill, PF",WAS,21,6.9,0.514,0.667,0.2,2,0.3,0.3,0.1,0.3,2.2,5.2
,"Amir Coffey, SG",LAC,43,9.2,0.437,0.711,0.5,1,0.5,0.2,0,0.3,3.3,5.2
449,"Norvel Pelle, PF",NYK,8,7.1,0.5,0.667,0,1.9,0.1,0.1,0.8,0.4,2,5
,"Kyle Guy, SG",SAC,24,7,0.369,0.846,0.4,1,0.9,0.2,0,0.3,2.9,5
451,"Josh Green, SG",DAL,29,10.3,0.435,0.6,0.1,1.9,0.5,0.3,0.1,0.5,2.2,4.9
,"Devontae Cacok, PF",LAL,17,5.2,0.63,0.444,0,1.8,0.1,0.3,0.2,0.3,2.2,4.9
453,"KZ Okpala, SF",MIA,31,12.5,0.341,0.3,0.4,1.9,0.5,0.3,0.3,0.4,2.4,4.8
,"Isaac Bonga, G",WAS,37,11.3,0.385,0.625,0.4,1.8,0.6,0.3,0.2,0.6,2.1,4.8
455,"Killian Tillie, C",MEM,14,8.7,0.31,0.8,0.4,1.2,0.3,0.4,0.5,0.1,2.6,4.7
,"Isaiah Joe, SG",PHI,33,9.2,0.32,0.75,0.8,0.9,0.5,0.2,0.1,0.2,3.2,4.7
457,"Tim Frazier, G",MEM,3,11,0.25,0,0,1.3,2.3,0.3,0,1,1.3,4.6
,"Wenyen Gabriel, PF",NOR,11,7.2,0.381,0.571,0.4,1.7,0.7,0.2,0.2,0.8,2.2,4.6
,"Grant Riller, PG",CHA,5,4.2,0.667,0,0.4,0,0.6,0.2,0,0.2,2.8,4.6
,"Gary Payton II, G",GSW,9,3,0.727,0.75,0.2,0.9,0,0.6,0.1,0.1,2.3,4.6
,"Brodric Thomas, SG",CLE,21,8.8,0.309,0.783,0.4,1,0.7,0.4,0.2,0.7,2.9,4.6
,"Vernon Carey Jr., C",CHA,15,6.3,0.5,0.889,0.1,1.4,0.1,0.1,0.3,0.3,2.5,4.6
463,"Andre Roberson, F",BKN,5,12.6,0.143,0.5,0.2,3,0.8,0.6,0.2,0.4,1.2,4.4
,"Justin Robinson, G",OKC,9,9.8,0.333,0.6,0.4,0.8,1,0.3,0,0.2,2.3,4.4
465,"Miye Oni, SG",UTH,44,9.1,0.353,0.833,0.6,1.6,0.4,0.1,0.2,0.3,2,4.3
466,"Keita Bates-Diop, SF",SAS,22,6.9,0.381,0.733,0.2,1.1,0.4,0.4,0.1,0.1,2.2,4.2
,"James Nunnally, F",NOR,4,6.3,0.5,0,0.8,1,0,0,0,0.3,2.8,4.2
468,"Bol Bol, C",DEN,27,4.7,0.511,0.643,0.3,0.7,0.3,0.1,0.4,0.4,2.4,4.1
,"Anthony Tolliver, F",PHI,4,14.3,0.111,1,0.3,2,0.5,0.8,0.5,0.8,1.5,4.1
470,"Kelan Martin, SG",IND,23,5.5,0.388,1,0.3,1.3,0.3,0.2,0.1,0.3,2.1,4
,"Sean McDermott, SG",MEM,17,9.2,0.394,1,0.3,1.1,0.2,0.1,0.2,0.2,2.3,4
,"CJ Elleby, SG",POR,21,7.3,0.388,0.636,0.3,1,0.2,0.3,0.1,0.1,2.4,4
473,"Josh Hall, SF",OKC,14,12.4,0.2,0.586,0.1,2,1.3,0,0,1.1,2.6,3.9
,"Matt Thomas, SG",UTH,35,7.5,0.358,0.857,0.6,0.9,0.4,0.1,0,0.3,2.7,3.9
475,"Cassius Winston, PG",WAS,18,5.1,0.419,0.833,0.4,0.5,0.6,0.1,0.1,0.1,2.2,3.8
,"Axel Toupane, SG",MIL,8,7.6,0.364,0.714,0.1,0.8,0.5,0.3,0.4,0,1.8,3.8
,"Ray Spalding, F",HOU,2,9.5,0.5,0,0,2,0,0,1,1.5,2,3.8
478,"Bruno Fernando, PF",ATL,28,6.5,0.429,0.667,0,2.3,0.3,0.1,0.1,0.7,1.3,3.7
479,"Jarrell Brantley, PF",UTH,21,4.5,0.455,1,0.3,1,0.3,0.1,0.1,0.1,1.9,3.6
480,"Rayjon Tucker, SG",PHI,12,4.1,0.455,0.857,0.2,0.8,0.4,0.2,0,0.3,2,3.5
,"Patrick McCaw, SF",TOR,5,6.6,1,1,0,0.6,0.8,0.4,0,0,1,3.5
482,"Rodions Kurucs, SF",MIL,21,6,0.344,0.75,0.3,1.1,0.5,0.4,0.2,0.6,1.5,3.4
483,"Tre Jones, PG",SAS,29,5.4,0.458,1,0.1,0.4,0.7,0.2,0,0.4,1.9,3.3
,"Alen Smailagic, PF",GSW,9,4.2,0.462,0.25,0.2,0.8,0.2,0.1,0.3,0,1.7,3.3
485,"Daniel Oturu, C",LAC,24,4.3,0.536,0.625,0,1.2,0.3,0,0.1,0.2,1.5,3.2
486,"Vlatko Cancar, SF",DEN,34,5.4,0.419,0.875,0.1,1.1,0.3,0.3,0.1,0.4,1.4,3
,"Jahmi'us Ramsey, SG",SAC,5,3.4,0.6,0,0.2,0.8,0.2,0,0.2,0.2,1.4,3
,"Shaquille Harrison, G",DEN,23,6.2,0.378,0.875,0,0.7,0.5,0.3,0,0.3,1.5,3
489,"Cristiano Felicio, PF",CHI,13,4.5,0.571,0.6,0,1.1,0.6,0.2,0,0.3,1.1,2.9
,"Jared Dudley, SF",LAL,11,6.9,0.286,0,0.2,1.7,0.5,0.1,0.1,0.2,0.5,2.9
,"Justin James, SG",SAC,26,5.8,0.429,0.417,0.2,0.4,0.6,0.1,0,0.2,1.8,2.9
492,"Juwan Morgan, SF",UTH,23,5,0.5,0.429,0.1,1,0.3,0.2,0,0.1,1.2,2.8
,"Trent Forrest, SG",UTH,19,5.7,0.4,1,0,0.4,1.1,0.2,0.1,0.4,0.9,2.8
494,"Elijah Hughes, SF",UTH,13,3.5,0.364,0.75,0.5,0.5,0.3,0.1,0.1,0.5,1.9,2.7
,"Robert Woodard II, SF",SAC,11,2.6,0.5,0.375,0.1,1,0,0,0.2,0.1,1.6,2.7
,"Karim Mane, SG",ORL,10,8.8,0.231,0.8,0.1,1.4,0.4,0,0.2,0.3,1.1,2.7
497,"Udoka Azubuike, C",UTH,12,4.1,0.571,0.667,0,1.1,0,0.1,0.3,0.3,1,2.5
,"Jontay Porter, PF",MEM,8,3.3,0.333,1,0.3,1.1,0.1,0.3,0,0.6,1.4,2.5
,"Adam Mokoka, SG",CHI,11,4.6,0.412,0,0.1,0.5,0.5,0.2,0.1,0.3,1.4,2.5
501,"Adam Mokoka, SG",CHI,11,4.6,0.412,0,0.1,0.5,0.5,0.2,0.1,0.3,1.4,2.5
500,"Marques Bolden, C",CLE,6,4.8,0.333,0.625,0,1,0,0.3,0.3,0.3,1.2,2.4
502,"Marques Bolden, C",CLE,6,4.8,0.333,0.625,0,1,0,0.3,0.3,0.3,1.2,2.4
,"Nate Hinton, SG",DAL,15,3.8,0.391,0.667,0.1,0.4,0.3,0.3,0.1,0.3,1.5,2.4
504,"Tyler Bey, SG",DAL,12,3.9,0.353,0.6,0.1,1.1,0.1,0,0.1,0.1,1.3,2.3
505,"Mfiondu Kabengele, F",CLE,28,4.5,0.3,0.875,0.2,0.7,0.3,0.1,0.1,0.3,1.3,2.2
,"Tyrell Terry, PG",DAL,11,5.1,0.313,0.333,0,0.5,0.5,0.5,0,0.2,1,2.2
507,"Devon Dotson, PG",CHI,6,3.7,0.429,0,0,0.5,0.3,0.2,0,0,1,2.1
,"Jalen Harris, SG",TOR,4,3.5,0.25,0,0.3,0.8,0.5,0.3,0,0.3,0.8,2.1
509,"Jalen Lecque, PG",IND,4,3,0.111,1,0,1.3,0.5,0,0,0,1.3,2
,"Jalen Smith, PF",PHO,21,4.2,0.367,0.333,0.1,0.9,0.1,0,0.1,0.2,1.2,2
,"Nate Darling, SG",CHA,6,4,0.286,1,0.3,0.2,0.2,0,0.2,0.2,1.5,2
,"Quinndary Weatherspoon, SG",SAS,17,4.5,0.375,0.875,0,0.4,0.3,0.4,0.1,0.5,1.1,2
,"Malik Fitts, F",LAC,3,3.7,0.333,0,0.3,1,0,0,0,0,1,2
514,"Cassius Stanley, SG",IND,18,2.9,0.32,0.857,0.1,0.7,0.1,0,0.1,0.1,1.3,1.9
,"Vincent Poirier, C",NYK,10,3.9,0.25,0.333,0,1.4,0.2,0,0.3,0.4,0.8,1.9
,"Sindarius Thornwell, G",NOR,14,5.2,0.333,0,0.2,0.4,0.3,0.4,0.1,0.3,1.2,1.9
,"Kostas Antetokounmpo, PF",LAL,14,3.8,0.3,0.462,0,1.4,0.1,0.1,0.3,0.7,0.9,1.9
518,"Deividas Sirvydis, SG",DET,15,2.7,0.294,0.75,0.3,0.5,0.1,0.1,0,0.2,1.1,1.6
519,"Markus Howard, PG",DEN,30,3.3,0.26,0.5,0.2,0.4,0.4,0.1,0,0.3,1.1,1.5
520,"Nick Richards, C",CHA,17,3.6,0.5,0.636,0,0.5,0.1,0,0,0.2,0.9,1.4
521,"Ty-Shon Alexander, SG",PHO,9,3.2,0.2,0.5,0.1,0.6,0.1,0,0.1,0.1,0.7,1
,"Iman Shumpert, G",BKN,2,5.5,0.25,0,0,0.5,0,0.5,0,0.5,1,1
523,"Brian Bowen II, SG",IND,6,2.5,0.25,1,0,0.5,0,0,0,0,0.5,0.8
,"Ignas Brazdeikis, F",PHI,5,3,0,1,0,0.8,0.2,0,0,0.2,0.4,0.8
525,"Cameron Reynolds, G",SAS,3,2,0.5,0,0,0,0,0,0,0,0.7,0.7
526,"Jaylen Adams, G",MIL,7,2.6,0.125,0,0,0.4,0.3,0,0,0,0.3,0.5
527,"Keljin Blevins, SF",POR,11,5.3,0.125,0,0,0.4,0.4,0.2,0,0.3,0.4,0.4
528,"Terrance Ferguson, SF",NYK,13,3.8,0.143,0,0,0.1,0.2,0.1,0,0.3,0.2,0
529,"Theo Pinson, SG",NYK,14,2.2,0.111,0,0,0.1,0.1,0,0,0.1,0.1,-0.1
,"Jared Harper, PG",NYK,4,2.3,0,1,0,0,0,0,0,0.5,0.5,-0.1
531,"Noah Vonleh, F",BKN,4,2.8,0,0,0,0.3,0.3,0,0,0.5,0,-0.4
,"Ashton Hagans, G",MIN,2,2,0,0,0,0,0,0,0,0.5,0,-0.4
533,"Greg Whittington, SF",DEN,4,3,0,0,0,0,0,0,0,0,0,-0.6
534,"Kris Dunn, PG",ATL,1,13,0,0,0,1,0,1,1,1,0,-1.3
535,"Will Magnay, PF",NOR,1,3,0,0,0,0,0,0,0,1,0,-1.5
536,"Anzejs Pasecniks, C",WAS,1,6,0,0,0,1,1,0,0,5,0,-1.9
