,Player,TRB,AST,STL,BLK,PTS
224,Aaron Gordon,5.9,3.5,0.7,0.7,13.2
225,Aaron Gordon,6.6,4.2,0.6,0.8,14.6
226,Aaron Gordon,4.8,2.4,0.8,0.6,11.2
285,Aaron Holiday,1.2,1.6,0.6,0.2,6.9
459,Aaron Nesmith,2.2,0.4,0.3,0.2,3.4
457,Abdel Nader,2.6,0.8,0.4,0.4,6.7
442,Adam Mokoka,0.5,0.5,0.2,0.1,1.4
293,Al Horford,6.7,3.4,0.9,0.9,14.2
101,Alec Burks,4.5,2.2,0.7,0.3,12.6
510,Aleksej Pokusevski,4.6,2.2,0.5,1.1,7.6
579,Alen Smailagic,0.8,0.3,0.2,0.4,1.7
116,Alex Caruso,2.9,2.5,1.1,0.3,5.9
377,Alex Len,3.9,0.8,0.3,1,6.7
378,Alex Len,1.6,0.4,0.1,0.9,2.3
379,Alex Len,4.2,0.9,0.3,1,7.4
13,Al-Farouq Aminu,5,1.5,0.9,0.5,4.8
14,Al-Farouq Aminu,5.4,1.7,1,0.5,5.5
15,Al-Farouq Aminu,3,0.3,0,0,0.7
425,Alfonzo McKinnie,1.4,0.2,0.1,0,3
326,Alize Johnson,4.6,0.8,0.3,0.2,5.3
84,Amida Brimah,1.5,0,0,1.5,3
126,Amir Coffey,1,0.5,0.2,0,3.3
494,Anzejs Pasecniks,1,1,0,0,0
172,Andre Drummond,12.6,2.3,1.6,1.1,15.7
173,Andre Drummond,13.5,2.6,1.6,1.2,17.5
174,Andre Drummond,10.4,1.7,1.6,0.9,11.4
305,Andre Iguodala,3.6,2.2,1,0.6,4.6
545,Andre Roberson,3,0.8,0.6,0.2,1.2
659,Andrew Wiggins,4.8,2.4,1,1,17.9
577,Anfernee Simons,2.2,1.4,0.3,0.1,8.2
148,Anthony Davis,8,3,1.2,1.7,21.4
178,Anthony Edwards,4.6,2.7,1.2,0.4,18.3
220,Anthony Gill,2,0.3,0.3,0.1,2.2
368,Anthony Lamb,2.3,0.4,0.1,0.1,3.6
615,Anthony Tolliver,2,0.5,0.8,0.5,1.5
87,Armoni Brooks,3.6,1.3,0.4,0.1,7.5
42,Aron Baynes,5.1,0.9,0.3,0.4,5.8
243,Ashton Hagans,0,0,0,0,0
542,Austin Rivers,2.3,2,0.5,0.1,7.2
543,Austin Rivers,2.2,2,0.6,0,7.3
544,Austin Rivers,2.5,2,0.3,0.5,6.5
72,Avery Bradley,2.1,1.7,0.8,0.1,6.6
73,Avery Bradley,1.8,1.4,0.7,0.1,8.5
74,Avery Bradley,2.3,1.9,0.8,0.1,5.3
618,Axel Toupane,0.8,0.5,0.3,0.4,1.8
3,Bam Adebayo,9.1,5.3,1.1,1.1,19.1
427,Ben McLemore,2,0.8,0.5,0.1,7.9
428,Ben McLemore,2.1,0.9,0.6,0.1,7.4
429,Ben McLemore,1.7,0.5,0.1,0.3,9.2
576,Ben Simmons,7.6,7,1.6,0.7,14.8
57,Bismack Biyombo,5.3,1.3,0.3,1.1,5.2
238,Blake Griffin,5,3.2,0.8,0.3,11.2
239,Blake Griffin,5.2,3.9,0.7,0.1,12.3
240,Blake Griffin,4.7,2.4,0.9,0.6,9.8
401,Boban Marjanovic,4.2,0.3,0,0.2,5
518,Bobby Portis,6.9,1.1,0.7,0.4,11.4
63,Bogdan Bogdanovic,3.7,3.2,1,0.2,15.2
64,Bojan Bogdanovic,3.8,1.9,0.6,0,15.6
65,Bol Bol,0.7,0.3,0.1,0.4,2.4
645,Brad Wanamaker,1.7,2.9,0.7,0.2,5.6
646,Brad Wanamaker,1.7,2.5,0.7,0.2,4.7
647,Brad Wanamaker,1.6,3.7,0.9,0.3,7.7
45,Bradley Beal,4.8,4.6,1.2,0.4,31.4
123,Brandon Clarke,5.4,1.7,1,0.9,10.7
223,Brandon Goodwin,1.5,2,0.3,0,5
308,Brandon Ingram,5,4.9,0.7,0.6,24.2
71,Brian Bowen,0.5,0,0,0,0.5
603,Brodric Thomas,1,0.7,0.4,0.2,2.9
604,Brodric Thomas,1,1,0.3,0.3,2.5
605,Brodric Thomas,0.9,0.6,0.4,0.2,2.9
389,Brook Lopez,4.9,0.7,0.6,1.4,11.8
89,Bruce Brown,5.2,1.6,0.9,0.4,8.8
103,Bruno Caboclo,2.3,0.2,0,0.3,2.8
191,Bruno Fernando,2.3,0.3,0.1,0.1,1.3
198,Bryn Forbes,1.5,0.6,0.3,0,9.6
278,Buddy Hield,4.5,3.2,0.8,0.4,16.7
404,Caleb Martin,2.8,1.2,0.7,0.2,4.9
532,Cam Reddish,4,1.3,1.3,0.3,11.2
327,Cameron Johnson,3.2,1.5,0.6,0.3,9.9
498,Cameron Payne,2.3,3.6,0.6,0.2,7.3
538,Cameron Reynolds,0,0,0,0,0.7
382,Caris LeVert,4.5,4.7,1.4,0.6,18.6
383,Caris LeVert,4.3,6,1.1,0.5,18.5
384,Caris LeVert,4.6,4,1.6,0.6,18.7
20,Carmelo Anthony,3.2,1.6,0.7,0.6,13.5
179,Carsen Edwards,0.9,0.4,0.2,0,3.9
588,Cassius Stanley,0.7,0.1,0,0.1,1.3
673,Cassius Winston,0.5,0.6,0.1,0.1,2.2
487,Cedi Osman,3.3,2.7,0.9,0.2,9.6
301,Chandler Hutchison,3.4,0.6,0.3,0,3.8
302,Chandler Hutchison,2.9,0.6,0.1,0,1.9
303,Chandler Hutchison,3.9,0.7,0.4,0,5.7
90,Charlie Brown,0,0,2,0,5
530,Chasson Randle,1.7,1.9,0.5,0.1,5.7
435,Chimezie Metu,2.5,0.6,0.3,0.5,5.1
70,Chris Boucher,6.7,1.1,0.6,1.9,13.6
118,Chris Chiozza,1.1,3,0.3,0.3,4
497,Chris Paul,4.7,8.7,1.4,0.2,16.1
573,Chris Silva,1.8,0.4,0.1,0.4,2.1
574,Chris Silva,2.3,0.5,0.1,0.5,2.7
575,Chris Silva,0.5,0,0,0.3,0.5
675,Christian Wood,9.8,1.6,0.8,1.2,21.1
474,Chuma Okeke,4,2.2,1,0.5,7.5
180,CJ Elleby,1,0.2,0.3,0.1,2.4
415,CJ McCollum,4.1,4.8,1.1,0.5,23.2
109,Clint Capela,14.7,0.8,0.7,2.1,15.5
655,Coby White,4.1,4.6,0.6,0.2,14.8
405,Cody Martin,3,1.6,0.7,0.2,4.1
682,Cody Zeller,6.9,1.9,0.6,0.4,8.9
21,Cole Anthony,4.5,4.4,0.6,0.5,11.8
569,Collin Sexton,3,4.1,1.1,0.1,24.5
346,Cory Joseph,2.5,3.2,1,0.3,8
347,Cory Joseph,2.3,2.5,0.9,0.2,6.6
348,Cory Joseph,3.1,5.4,1.2,0.4,11.9
189,Cristiano Felício,1.1,0.6,0.2,0,1.1
25,D.J. Augustin,1.6,3.3,0.5,0,7
26,D.J. Augustin,1.4,3,0.5,0,6.1
27,D.J. Augustin,2.3,4,0.4,0,9.2
668,D.J. Wilson,2.8,0.6,0.3,0.5,4.9
669,D.J. Wilson,2.1,0.3,0.1,0.3,3.6
670,D.J. Wilson,3.3,0.9,0.4,0.5,5.7
49,Davis Bertans,3.1,0.9,0.6,0.3,11.6
410,Dakota Mathias,0.9,1.6,0.1,0.4,6
335,Damian Jones,2.4,0.3,0.2,0.5,3.1
336,Damian Jones,1.3,0.3,0.1,0.4,1.6
337,Damian Jones,3.3,0.1,0.1,0.9,5.4
338,Damian Jones,3.7,0.7,0.5,0.5,3.8
386,Damian Lillard,4.2,7.5,0.9,0.3,28.3
375,Damion Lee,3.2,1.3,0.7,0.1,6.5
167,Damyean Dotson,2.1,2.1,0.4,0.1,6.6
561,D'Angelo Russell,2.5,5.2,1,0.4,19.4
208,Daniel Gafford,4.1,0.5,0.5,1.4,6.4
209,Daniel Gafford,3.3,0.5,0.4,1.1,4.7
210,Daniel Gafford,6,0.5,0.8,2.2,10.8
488,Daniel Oturu,1.2,0.3,0,0.1,1.5
600,Daniel Theis,5.3,1.7,0.6,0.9,9.6
601,Daniel Theis,5.2,1.6,0.6,1,9.5
602,Daniel Theis,5.4,2.1,0.5,0.7,9.9
211,Danilo Gallinari,4,1.4,0.5,0.2,13.5
230,Danny Green,3.7,1.7,1.3,0.8,9.6
186,Dante Exum,2.8,2.2,0.7,0.3,3.8
295,Danuel House,3.8,1.8,0.6,0.5,8.9
321,DaQuan Jeffries,1.8,0.4,0.3,0.3,3.1
322,DaQuan Jeffries,1.6,0.3,0.4,0.2,3.5
323,DaQuan Jeffries,2.2,0.5,0.2,0.5,2
565,Dario Šarić,4,1.3,0.6,0.1,9.1
44,Darius Bazley,7.4,1.6,0.6,0.5,13.4
213,Darius Garland,2.5,6.2,1.2,0.1,17.7
437,Darius Miller,1.3,1.2,0.7,0.3,4.1
469,David Nwaba,3.9,1,1,0.7,9.2
203,De'Aaron Fox,3.5,7.2,1.5,0.5,25.2
638,Dean Wade,3,1.1,0.4,0.4,5.1
29,Deandre Ayton,10.7,1.4,0.6,1.1,15
48,DeAndre' Bembry,2.6,1.9,0.8,0.3,4.9
300,De'Andre Hunter,5.1,2.1,0.9,0.5,16
345,DeAndre Jordan,7.5,1.7,0.3,1.2,7.7
433,De'Anthony Melton,3.2,2.7,1.3,0.5,10.1
578,Deividas Sirvydis,0.5,0.1,0.1,0,1.1
451,Dejounte Murray,7.1,5.2,1.6,0.1,15.6
677,Delon Wright,4.1,4.2,1.5,0.4,9.6
678,Delon Wright,4.6,5,1.6,0.5,10.4
679,Delon Wright,3,2.3,1.2,0.1,7.8
155,DeMar DeRozan,4.4,7.2,0.9,0.3,21.5
136,DeMarcus Cousins,7,2.1,0.7,0.6,9
137,DeMarcus Cousins,7.6,2.4,0.8,0.7,9.6
138,DeMarcus Cousins,5.2,1.2,0.3,0.3,7.3
28,Deni Avdija,4.9,1.2,0.6,0.3,6.3
567,Dennis Schroder,3.5,5.8,1.2,0.2,15.7
581,Dennis Smith,2.4,3.3,1,0.6,6.7
582,Dennis Smith,0.7,1,1,0,3
583,Dennis Smith,2.7,3.7,1,0.7,7.3
629,Denzel Valentine,3.4,1.6,0.5,0.1,6.8
188,Derrick Favors,5.5,0.7,0.5,1,5.4
339,Derrick Jones,3.7,0.8,0.7,1,7
555,Derrick Rose,2.4,4.1,1,0.4,14
556,Derrick Rose,1.9,4.2,1.2,0.3,14.2
557,Derrick Rose,2.6,4.1,0.9,0.5,13.9
656,Derrick White,3,3.5,0.7,1,15.4
36,Desmond Bane,3,1.7,0.6,0.2,9.1
69,Devin Booker,4.1,4.5,0.9,0.3,25.5
108,Devin Cannady,0.6,0.1,0.6,0.1,4.3
632,Devin Vassell,2.6,0.9,0.8,0.3,4.9
168,Devon Dotson,0.5,0.3,0.2,0,1
104,Devontae Cacok,1.8,0.1,0.3,0.2,2.2
228,Devonte' Graham,2.7,5.4,0.9,0.1,14.4
153,Dewayne Dedmon,5.4,0.4,0.7,0.6,7
88,Dillon Brooks,3,2.3,1.2,0.4,16.7
562,Domantas Sabonis,11.6,6,1.1,0.5,19.9
441,Donovan Mitchell,4.4,5.2,1,0.3,26.4
245,Donta Hall,3.8,1.2,0.6,1.2,4.2
164,Donte DiVincenzo,5.5,3.1,1.2,0.2,10.3
195,Dorian Finney-Smith,5.6,1.6,0.9,0.4,9.7
419,Doug McDermott,3.6,1.3,0.3,0.1,13.1
231,Draymond Green,6.8,8.7,1.6,0.8,6.5
185,Drew Eubanks,4.3,0.9,0.4,1,5.6
546,Duncan Robinson,3.5,1.8,0.5,0.2,13
31,Dwayne Bacon,3,1.2,0.6,0.1,10.6
296,Dwight Howard,8.4,0.8,0.5,0.9,6.8
520,Dwight Powell,3.6,0.8,0.6,0.3,5.2
671,Dylan Windler,3.5,1.1,0.6,0.4,5.2
149,Ed Davis,5.1,1,0.6,0.6,2.2
592,Edmond Sumner,1.8,0.9,0.6,0.2,7.3
499,Elfrid Payton,3.6,3.4,0.8,0.2,11.2
299,Elijah Hughes,0.5,0.3,0.1,0.1,1.9
353,Enes Kanter,11.5,1.3,0.5,0.7,11.9
61,Eric Bledsoe,3.4,3.7,0.8,0.3,11.9
227,Eric Gordon,2.1,2.6,0.5,0.5,17.8
493,Eric Paschall,3.2,1.3,0.3,0.2,9.5
306,Ersan Ilyasova,1.7,0.2,0.8,0.2,4.1
444,E'Twaun Moore,1.8,1.5,0.6,0.2,4.3
200,Evan Fournier,2.8,3.3,1.2,0.4,17.3
201,Evan Fournier,2.9,3.7,1,0.3,19.7
202,Evan Fournier,2.7,2,1.6,0.7,8.4
106,Facundo Campazzo,1.7,3.1,1.1,0.2,5.3
313,Frank Jackson,2,0.7,0.2,0,8.7
352,Frank Kaminsky,3.6,1.6,0.4,0.4,6.1
408,Frank Mason,3,3,0,0,6.3
465,Frank Ntilikina,1,0.6,0.6,0.1,3.1
631,Fred VanVleet,4.2,6.2,1.7,0.7,19.2
221,Freddie Gillespie,3.6,0.5,0.4,1,5.3
359,Furkan Korkmaz,2,1.4,0.9,0.2,9.5
633,Gabe Vincent,1.1,1.3,0.4,0,4.9
598,Garrett Temple,2.8,2.2,0.8,0.4,7.8
409,Garrison Mathews,1.5,0.5,0.5,0.1,5.7
120,Gary Clark,3.1,0.8,0.3,0.2,3.2
121,Gary Clark,3.2,0.9,0.3,0.2,3.4
122,Gary Clark,0.5,0,0,0,0
259,Gary Harris,2.1,1.9,0.8,0.3,10.3
260,Gary Harris,2.5,1.7,0.9,0.2,9.7
261,Gary Harris,1.4,2.2,0.6,0.3,11.4
500,Gary Payton,1.1,0.1,0.6,0.1,2.5
620,Gary Trent,2.5,1.4,1,0.2,15.2
621,Gary Trent,2.2,1.4,0.9,0.1,15
622,Gary Trent,3.4,1.4,1.2,0.2,15.9
279,George Hill,2,2.7,0.8,0.3,10.1
280,George Hill,2.1,3.1,0.9,0.1,11.8
281,George Hill,1.8,1.6,0.6,0.6,5.4
461,Georges Niang,2.5,0.7,0.3,0.1,6.1
17,Giannis Antetokounmpo,11.4,6,1.2,1.3,28.5
547,Glenn Robinson,2,0.9,0.2,0.1,5.3
56,Goga Bitadze,3.2,0.7,0.2,1.2,5.1
171,Goran Dragic,3.5,4.4,0.7,0.2,12.9
274,Gordon Hayward,5.9,4.1,1.2,0.3,19.6
160,Gorgui Dieng,3.9,1.1,0.7,0.5,6.7
161,Gorgui Dieng,4.5,1.3,0.8,0.6,7.9
162,Gorgui Dieng,2.3,0.6,0.3,0.1,2.9
541,Grant Riller,0,0.6,0.2,0,2.8
660,Grant Williams,2.8,1,0.6,0.4,4.4
9,Grayson Allen,3.3,2.1,1,0.2,11.1
658,Greg Whittington,0,0,0,0,0
157,Hamidou Diallo,4.9,2,0.8,0.4,10.9
158,Hamidou Diallo,5.2,2.4,1,0.4,11.9
159,Hamidou Diallo,4.4,1.1,0.5,0.5,8.6
37,Harrison Barnes,6.6,3.5,0.7,0.2,16.1
218,Harry Giles,3.9,0.7,0.2,0.3,2.9
657,Hassan Whiteside,6,0.6,0.3,1.3,8.1
181,Henry Ellenson,6,2.5,0,0,7.5
79,Ignas Brazdeikis,0.8,0.2,0,0,0.4
80,Ignas Brazdeikis,0.5,0.3,0,0,0.5
81,Ignas Brazdeikis,2,0,0,0,0
571,Iman Shumpert,0.5,0,0.5,0,1
528,Immanuel Quickley,2.2,2.1,0.5,0.2,11.6
68,Isaac Bonga,1.8,0.6,0.3,0.2,2.1
477,Isaac Okoro,2.8,1.8,1,0.4,8.4
269,Isaiah Hartenstein,4,1.1,0.4,0.9,5.1
270,Isaiah Hartenstein,2.8,0.5,0.4,0.7,3.5
271,Isaiah Hartenstein,6.6,2.4,0.5,1.3,8.7
325,Isaiah Joe,0.9,0.5,0.2,0.1,3.2
551,Isaiah Roby,5.8,1.9,0.8,0.7,9.1
590,Isaiah Stewart,6.6,0.9,0.5,1.2,7.4
606,Isaiah Thomas,1.3,1.7,0.3,0,7.7
584,Ish Smith,3.2,4.3,0.6,0.3,5.9
683,Ivica Zubac,7.3,1.2,0.4,0.9,9.1
533,J.J. Redick,1.6,1.2,0.3,0.1,8.1
534,J.J. Redick,1.7,1.3,0.3,0.1,8.7
535,J.J. Redick,1.3,0.8,0.1,0.1,5.8
445,Ja Morant,3.9,7.3,0.9,0.2,19.7
490,Jabari Parker,2.8,0.8,0.1,0.4,4.3
491,Jabari Parker,2,0.3,0,0.3,2.7
492,Jabari Parker,3.2,1,0.2,0.5,5.2
417,Jaden McDaniels,3.7,1.1,0.5,1,6.8
143,Jae Crowder,4.8,2.1,0.8,0.4,9.8
593,Jae'Sean Tate,5.3,2.3,1.3,0.5,11.2
473,Jahlil Okafor,2.1,0.6,0.2,0.2,4.4
529,Jahmi'us Ramsey,0.8,0.2,0,0.2,1.4
564,JaKarr Sampson,2.5,0.1,0.1,0.5,3.8
372,Jake Layman,1.5,0.7,0.7,0.4,5.3
508,Jakob Poeltl,8,1.9,0.6,1.8,8.5
97,Jalen Brunson,3.6,3.5,0.5,0,12.5
262,Jalen Harris,0.8,0.5,0.3,0,0.8
374,Jalen Lecque,1.3,0.5,0,0,1.3
418,Jalen McDaniels,2.8,1,0.6,0.3,6.5
585,Jalen Smith,0.9,0.1,0,0.1,1.2
452,Jamal Murray,4,4.8,1.3,0.3,21.2
184,James Ennis,4.1,1.5,0.8,0.2,8.6
251,James Harden,8,10.9,1.2,0.7,25.2
252,James Harden,5.1,10.4,0.9,0.8,24.8
253,James Harden,8.7,11,1.3,0.7,25.4
328,James Johnson,3.3,2,0.9,0.9,6.8
329,James Johnson,3,1.7,0.8,0.8,5.7
330,James Johnson,4.1,2.7,0.9,1.3,9.7
467,James Nunnally,1,0,0,0,2.8
674,James Wiseman,5.8,0.7,0.3,0.9,11.5
232,JaMychal Green,4.9,0.8,0.5,0.4,8.1
175,Jared Dudley,1.7,0.5,0.1,0.1,0.5
257,Jared Harper,0,0,0,0,0.5
314,Jaren Jackson,6,1,0.3,1.7,16
630,Jarred Vanderbilt,5.5,1.3,0.9,0.7,5.1
78,Jarrell Brantley,1,0.3,0.1,0.1,1.9
10,Jarrett Allen,9.8,1.6,0.5,1.5,13.2
11,Jarrett Allen,10.4,1.7,0.6,1.6,11.2
12,Jarrett Allen,9.7,1.6,0.5,1.5,13.8
144,Jarrett Culver,3.1,0.7,0.5,0.3,5.3
421,JaVale McGee,5.1,0.9,0.5,1.1,7.6
422,JaVale McGee,5.2,1,0.5,1.2,8
423,JaVale McGee,4.4,0.2,0.4,0.6,4.4
233,Javonte Green,1.9,0.4,0.6,0.1,3.5
234,Javonte Green,2.1,0.4,0.7,0.1,4.2
235,Javonte Green,1.2,0.3,0.3,0.3,0.7
272,Jaxson Hayes,3.9,0.5,0.4,0.5,6.3
1,Jaylen Adams,0.4,0.3,0,0,0.3
91,Jaylen Brown,5.9,3.4,1.3,0.5,24.7
284,Jaylen Hoard,3.5,0.8,0.6,0.2,5.6
464,Jaylen Nowell,2.3,1.6,0.6,0.3,9.5
594,Jayson Tatum,7.4,4.3,1.2,0.4,25.7
236,Jeff Green,3.8,1.6,0.6,0.4,10.6
595,Jeff Teague,1.7,2.4,0.6,0.2,6.6
596,Jeff Teague,1.7,2.1,0.8,0.2,6.9
597,Jeff Teague,1.8,3.3,0.2,0.3,5.8
229,Jerami Grant,4.6,2.8,0.7,1.1,22.5
369,Jeremy Lamb,3.6,1.5,0.9,0.6,10.1
548,Jerome Robinson,2.2,1.5,0.7,0.4,4.9
111,Jevon Carter,1.4,1.1,0.4,0.2,3.8
102,Jimmy Butler,7,7.3,2.1,0.4,21.5
263,Joe Harris,3.6,1.9,0.7,0.2,14.5
307,Joe Ingles,3.7,4.4,0.7,0.2,12.2
183,Joel Embiid,11,3.1,1,1.4,29.8
127,John Collins,7.7,1.3,0.5,1,17.8
358,John Konchar,2.8,1.1,0.9,0.2,3.7
644,John Wall,3.2,6.9,1.1,0.8,20.6
628,Jonas Valanciunas,12.3,1.8,0.6,0.7,17
512,Jontay Porter,1.1,0.1,0.3,0,1.4
47,Jordan Bell,3.8,1,0.6,0.6,2.8
67,Jordan Bone,1.7,1.3,0.1,0,4
124,Jordan Clarkson,4,2.3,0.9,0.2,17.4
426,Jordan McLaughlin,2.1,4.1,1.1,0.1,5
470,Jordan Nwora,1.8,0.3,0.6,0.2,5.5
511,Jordan Poole,1.6,1.9,0.5,0.2,10.9
237,Josh Green,1.9,0.5,0.3,0.1,2.3
246,Josh Hall,2,1.3,0,0,2.6
268,Josh Hart,8,2.3,0.8,0.3,9.2
315,Josh Jackson,4,2.2,0.9,0.7,13.7
475,Josh Okogie,2.7,1.1,1,0.5,5.6
540,Josh Richardson,3.5,2.8,0.9,0.4,12.3
286,Jrue Holiday,4.6,5.7,1.8,0.5,17.1
275,Juan Hernangomez,4,0.6,0.4,0.1,7.3
617,Juan Toscano-Anderson,4,2.4,0.6,0.4,5.2
531,Julius Randle,10.4,6,1,0.2,23.9
287,Justin Holiday,3.7,1.6,1.2,0.4,10.4
316,Justin Jackson,2.2,1.5,0.5,0.1,7.2
318,Justin James,0.4,0.6,0.1,0,1.8
496,Justin Patton,3.8,1.1,0.9,1.1,5.4
549,Justin Robinson,0.8,1,0.3,0,2.3
672,Justise Winslow,4.3,1.9,0.7,0.5,6.7
468,Jusuf Nurkic,8.3,3.4,1,1,10.2
446,Juwan Morgan,1,0.3,0.2,0,1.2
398,Karim Mane,1.4,0.4,0,0.2,1.1
619,Karl-Anthony Towns,10.8,4.5,0.7,1.3,24.8
380,Kawhi Leonard,6.7,5.1,1.7,0.4,25.7
40,Keita Bates-Diop,1.1,0.4,0.4,0.1,2.2
406,Kelan Martin,1.3,0.3,0.2,0.1,2.4
331,Keldon Johnson,6.4,1.8,0.6,0.4,12.9
62,Keljin Blevins,0.4,0.4,0.2,0,0.4
483,Kelly Olynyk,6.6,2.4,1,0.6,12.5
484,Kelly Olynyk,6.1,2.1,0.9,0.6,10
485,Kelly Olynyk,8,3,1.1,0.5,18.5
489,Kelly Oubre,6,1.3,1,0.8,15.4
642,Kemba Walker,3.9,5,1.1,0.3,18.2
466,Kendrick Nunn,3.2,2.8,1,0.3,14
661,Kenrich Williams,4.2,2.2,0.7,0.2,7.6
43,Kent Bazemore,3.1,1.6,1,0.5,6.7
105,Kentavious Caldwell-Pope,2.7,1.6,0.8,0.3,9.7
407,Kenyon Martin,4.6,0.6,0.6,0.9,7.2
177,Kevin Durant,6.8,5.1,0.7,1.3,27.1
298,Kevin Huerter,3.3,3.5,1.2,0.2,12.3
357,Kevin Knox,1.6,0.5,0.3,0.2,4.2
391,Kevin Love,6.4,2.3,0.5,0.1,11.7
513,Kevin Porter,3.8,6.2,0.8,0.3,15.2
388,Kevon Looney,4.8,1.9,0.4,0.4,3.9
53,Khem Birch,5.4,1.1,0.7,0.7,6
54,Khem Birch,5.1,1.1,0.7,0.6,5.3
55,Khem Birch,7.1,1.1,0.8,1.4,9.8
436,Khris Middleton,5.9,5.4,1.1,0.2,20
273,Killian Hayes,2.2,4.4,1.1,0.4,5.7
613,Killian Tillie,1.2,0.3,0.4,0.5,2.6
385,Kira Lewis,1.2,2.3,0.7,0.2,6.4
18,Kostas Antetokounmpo,1.4,0.1,0.1,0.3,0.9
176,Kris Dunn,1,0,1,1,0
519,Kristaps Porzingis,9.3,1.6,0.5,1.5,20.4
16,Kyle Anderson,6,3.5,1.2,0.8,12.2
241,Kyle Guy,1,0.9,0.2,0,2.9
367,Kyle Kuzma,6.4,1.7,0.5,0.6,12.9
392,Kyle Lowry,5.5,7.3,1,0.3,16.7
309,Kyrie Irving,5,6.4,1.3,0.6,26.9
478,KZ Okpala,1.9,0.5,0.3,0.3,2.4
589,Lamar Stevens,2.4,0.6,0.4,0.3,4.1
4,LaMarcus Aldridge,4.5,1.9,0.4,1.1,13.5
5,LaMarcus Aldridge,4.5,1.7,0.4,0.9,13.7
6,LaMarcus Aldridge,4.8,2.6,0.6,2.2,12.8
33,LaMelo Ball,5.9,6.1,1.6,0.3,15.9
570,Landry Shamet,1.8,1.5,0.5,0.1,9.4
212,Langston Galloway,1,0.7,0.2,0,4.7
458,Larry Nance,6.7,3.1,1.7,0.5,9.3
402,Lauri Markkanen,5.2,0.9,0.5,0.3,14.3
319,LeBron James,7.9,7.9,1,0.6,25.4
643,Lonnie Walker,2.5,1.6,0.5,0.3,10.7
34,Lonzo Ball,4.2,5.7,1.4,0.6,14.1
662,Lou Williams,2,3.4,0.8,0.1,12.2
663,Lou Williams,2.1,3.4,0.9,0.1,12.1
664,Lou Williams,1.6,3.4,0.5,0.1,12.3
166,Luguentz Dort,3.7,1.6,0.9,0.4,14.2
563,Luka Samanic,2,0.5,0.3,0.2,3.3
165,Luka Doncic,7.9,8.7,1,0.6,28.6
354,Luke Kennard,2.7,1.7,0.4,0.2,8.4
360,Luke Kornet,2,0.7,0.1,0.8,3
361,Luke Kornet,1.2,0.3,0.2,0.5,2
362,Luke Kornet,2.8,1.2,0,1.2,4.2
197,Malachi Flynn,2.1,2.6,0.8,0.1,6.1
86,Malcolm Brogdon,5.3,5.9,0.9,0.3,21.5
46,Malik Beasley,4.4,2.4,0.8,0.2,19.6
196,Malik Fitts,1,0,0,0,1
443,Malik Monk,2.7,1.9,0.5,0.1,13.1
156,Mamadi Diakite,2.3,0.5,0.3,0.4,2.6
214,Marc Gasol,4.1,2.1,0.5,1.2,5.3
447,Marcus Morris,4.2,1,0.6,0.3,13.6
580,Marcus Smart,3.3,5.5,1.5,0.5,13.6
206,Markelle Fultz,3.1,5.4,1,0.3,12.9
448,Markieff Morris,4.5,1.2,0.4,0.3,7.2
297,Markus Howard,0.4,0.4,0.1,0,1.1
66,Marques Bolden,1,0,0.3,0.3,1.2
119,Marquese Chriss,6.5,1,0,1,6.5
32,Marvin Bagley,7.4,0.9,0.5,0.5,13.9
340,Mason Jones,1.7,1.3,0.2,0,5.3
341,Mason Jones,2,1.5,0.2,0,5.8
342,Mason Jones,0.7,0.5,0.2,0,2.7
507,Mason Plumlee,9.3,3.6,0.8,0.9,10.3
612,Matisse Thybulle,2,0.9,1.6,1,3.8
607,Matt Thomas,0.9,0.4,0.1,0,2.7
608,Matt Thomas,0.8,0.3,0.1,0,2.7
609,Matt Thomas,1.2,0.6,0.1,0,2.6
154,Matthew Dellavedova,1.8,4.5,0.3,0.1,2.8
254,Maurice Harkless,2.1,0.9,0.7,0.5,4.5
255,Maurice Harkless,1.2,0.6,0.2,0.4,1.4
256,Maurice Harkless,2.7,1.1,1.1,0.6,6.6
591,Max Strus,0.9,0.5,0.2,0,5.5
355,Maxi Kleber,5.3,1.4,0.5,0.7,7.1
381,Meyers Leonard,2.3,0.7,0,0,3.3
349,Mfiondu Kabengele,0.7,0.3,0.1,0.1,1.3
350,Mfiondu Kabengele,0.6,0.2,0.1,0.1,1.2
351,Mfiondu Kabengele,1,0.4,0.4,0.2,1.8
115,Michael Carter-Williams,4.5,4.2,0.8,0.5,8.8
514,Michael Porter,7.6,1,0.6,1,18.5
82,Mikal Bridges,4.4,2.2,1,0.8,13.1
128,Mike Conley,3.4,6,1.4,0.2,16.4
320,Mike James,2,3.7,0.3,0,7
453,Mike Muscala,3.8,0.8,0.2,0.3,9.7
568,Mike Scott,2.6,0.7,0.5,0.2,4.4
83,Miles Bridges,6.1,2.1,0.7,0.8,12
550,Mitchell Robinson,8.1,0.5,1.1,1.5,8.3
486,Miye Oni,1.6,0.4,0.1,0.2,2
35,Mo Bamba,4.8,0.6,0.2,1,7.2
449,Monte Morris,2.2,3.2,0.7,0.3,10.3
258,Montrezl Harrell,6.6,1.1,0.7,0.7,14
639,Moritz Wagner,2.7,1.1,0.6,0.3,5.6
640,Moritz Wagner,2.9,1.3,0.9,0.3,7.1
641,Moritz Wagner,2.1,0.7,0,0.1,1.2
92,Moses Brown,8.2,0.2,0.6,1,8.5
450,Mychal Mulder,0.8,0.4,0.2,0.2,4.4
627,Myles Turner,6.5,1,0.9,3.4,12.6
403,Naji Marshall,3.7,2.6,0.7,0.3,5.9
387,Nassir Little,2.9,0.5,0.1,0.3,4.8
147,Nate Darling,0.2,0.2,0,0.2,1.5
283,Nate Hinton,0.4,0.3,0.3,0.1,1.5
356,Nathan Knight,2,0.2,0.3,0.3,3.6
537,Naz Reid,4.5,1,0.5,1.1,11
58,Nemanja Bjelica,3.3,1.7,0.3,0.1,6
59,Nemanja Bjelica,3.8,1.9,0.3,0.1,7.2
60,Nemanja Bjelica,1.9,1.1,0.3,0.2,2.6
463,Nerlens Noel,6.5,0.8,1,2.1,5.1
539,Nick Richards,0.5,0.1,0,0,0.9
8,Nickeil Alexander-Walker,3.1,2,1,0.5,10.2
400,Nico Mannion,1.4,2.3,0.6,0,4.3
430,Nicolo Melli,2.7,1,0.4,0.1,2.6
431,Nicolo Melli,2.6,1.1,0.4,0,2
432,Nicolo Melli,2.9,0.7,0.3,0.1,3.7
41,Nicolas Batum,4.9,2.3,1.1,0.5,8.2
125,Nicolas Claxton,5,1.1,0.8,1.2,6.6
334,Nikola Jokic,11,8.7,1.4,0.6,26.2
635,Nikola Vucevic,11.3,3.7,1,0.7,23.9
636,Nikola Vucevic,11.8,3.8,1,0.6,24.5
637,Nikola Vucevic,10.2,3.6,1,0.7,22.3
634,Noah Vonleh,0.3,0.3,0,0,0
521,Norman Powell,3,1.8,1.2,0.2,18.6
522,Norman Powell,3,1.8,1.1,0.2,19.6
523,Norman Powell,3,1.9,1.5,0.4,16.2
501,Norvel Pelle,1.9,0.1,0.1,0.8,2
502,Norvel Pelle,2.3,0,0,1,2
503,Norvel Pelle,1,1,0,0,3
504,Norvel Pelle,1.8,0,0.3,0.8,1.8
616,Obi Toppin,2.3,0.5,0.3,0.2,4
22,OG Anunoby,5.6,2.1,1.6,0.7,15.6
476,Onyeka Okongwu,3,0.2,0.4,0.6,3.9
85,Oshae Brissett,4.9,0.6,0.6,1,9.4
515,Otto Porter,5.4,2,0.6,0.1,9.7
516,Otto Porter,5.5,2,0.5,0.2,9.9
517,Otto Porter,4.7,1.7,1.3,0,8
623,P.J. Tucker,4.2,1.2,0.8,0.5,4
624,P.J. Tucker,4.6,1.4,0.9,0.6,4.4
625,P.J. Tucker,3,0.5,0.4,0.2,2.7
649,P.J. Washington,6.3,2.6,0.9,1.3,12.4
572,Pascal Siakam,7.2,4.6,1.1,0.7,20.9
129,Pat Connaughton,4.8,1.2,0.7,0.3,7
50,Patrick Beverley,3.6,2.1,0.8,0.8,8
414,Patrick McCaw,0.6,0.8,0.4,0,1
495,Patrick Patterson,1.9,0.6,0.4,0.2,5.1
665,Patrick Williams,4.7,1.4,0.9,0.7,9.1
438,Patty Mills,1.7,2.5,0.6,0,11.5
216,Paul George,6.5,5.3,1.2,0.5,23.7
439,Paul Millsap,4.8,1.7,0.8,0.7,8.9
536,Paul Reed,2.2,0.4,0.3,0.5,3
652,Paul Watson,1.7,0.6,0.2,0.1,4.1
527,Payton Pritchard,2.3,1.9,0.5,0.2,7.7
170,PJ Dozier,3.7,1.8,0.7,0.5,7.6
0,Precious Achiuwa,3.6,0.5,0.3,0.5,5
130,Quinn Cook,0.7,0.8,0.2,0,3.3
131,Quinn Cook,0.3,0.3,0.1,0.1,2.1
132,Quinn Cook,1.7,1.9,0.4,0,6.1
653,Quinndary Weatherspoon,0.4,0.3,0.4,0.1,1.1
247,R.J. Hampton,2.7,1,0.4,0.1,5.1
248,R.J. Hampton,2,0.6,0.2,0.1,2.6
249,R.J. Hampton,3.8,1.6,0.8,0.3,9.2
552,Rajon Rondo,2.2,4,0.7,0.1,4.6
553,Rajon Rondo,2,3.5,0.7,0.1,3.9
554,Rajon Rondo,2.5,5.2,0.8,0.1,6.5
460,Raul Neto,2.3,2.1,1.1,0.1,8.3
587,Ray Spalding,2,0,0,1,2
626,Rayjon Tucker,0.8,0.4,0.2,0,2
99,Reggie Bullock,3.3,1.5,0.8,0.2,10.5
317,Reggie Jackson,2.9,3.2,0.6,0.1,10.5
505,Reggie Perry,3.1,0.7,0.3,0.3,3.6
289,Richaun Holmes,8.8,1.6,0.7,1.6,14.3
560,Ricky Rubio,3.2,6.5,1.4,0.1,8.1
38,RJ Barrett,5.7,2.9,0.7,0.3,17.5
139,Robert Covington,6.7,1.7,1.5,1.2,8.8
204,Robert Franks,2,0.7,0.4,0.4,6.1
666,Robert Williams,7,1.8,0.8,1.8,8.2
676,Robert Woodard,1,0,0,0.2,1.6
390,Robin Lopez,3.9,0.9,0.2,0.6,8.8
363,Rodions Kurucs,1.1,0.5,0.4,0.2,1.5
364,Rodions Kurucs,0.6,0.4,0,0,0.6
365,Rodions Kurucs,1,0.4,0.5,0.4,1.2
366,Rodions Kurucs,1.8,0.8,0.6,0,3
290,Rodney Hood,1.9,1,0.4,0.1,4.6
291,Rodney Hood,1.9,1.2,0.5,0.1,4.7
292,Rodney Hood,1.7,0.4,0.1,0.3,4.3
424,Rodney McGruder,1.4,1,0.5,0.1,5.7
370,Romeo Langford,2.2,0.6,0.3,0.3,2.5
288,Rondae Hollis-Jefferson,2.5,1.3,0.3,0.5,3.2
471,Royce O,7.1,2.6,0.8,0.5,6.9
215,Rudy Gay,4.9,1.5,0.7,0.6,11.1
222,Rudy Gobert,13.5,1.3,0.5,2.8,14.5
242,Rui Hachimura,5.7,1.5,0.8,0.1,13.5
654,Russell Westbrook,11,11,1.3,0.4,21.8
23,Ryan Arcidiacono,1.6,1.3,0.2,0,3
376,Saben Lee,2.1,3.3,0.7,0.3,5.2
51,Saddiq Bey,4.2,1.2,0.7,0.2,11.3
434,Sam Merrill,1,0.7,0.2,0,3.1
420,Sean McDermott,1.1,0.2,0.1,0.2,2.3
169,Sekou Doumbouya,2.2,0.7,0.4,0.1,4
472,Semi Ojeleye,2.6,0.7,0.3,0,4.7
304,Serge Ibaka,6.7,1.7,0.2,1.2,10.9
145,Seth Curry,2.1,2.8,0.8,0.2,12
219,Shai Gilgeous-Alexander,4.7,5.9,0.8,0.7,23.7
440,Shake Milton,2.3,2.9,0.6,0.3,13.3
265,Shaquille Harrison,0.7,0.5,0.3,0,1.5
266,Shaquille Harrison,0.5,0.5,0.1,0,1
267,Shaquille Harrison,1.3,0.5,1,0,3
611,Sindarius Thornwell,0.4,0.3,0.4,0.1,1.2
413,Skylar Mays,0.9,0.8,0.5,0,3.1
282,Solomon Hill,3,1,0.8,0.2,4.6
163,Spencer Dinwiddie,4.3,3,0.7,0.3,6.7
332,Stanley Johnson,2.3,1.2,0.8,0.3,3.3
146,Stephen Curry,5.5,5.7,1.2,0.1,31.2
93,Sterling Brown,4.4,1.4,0.7,0.2,8.2
2,Steven Adams,9,1.9,0.9,0.7,7.8
454,Sviatoslav Mykhailiuk,2.5,1.7,0.7,0.2,7.9
455,Sviatoslav Mykhailiuk,2.1,1.6,0.8,0.2,6.9
456,Sviatoslav Mykhailiuk,3.3,1.8,0.7,0.2,9.4
373,T.J. Leaf,0,0,1,0,2
416,T.J. McConnell,3.6,6.6,1.7,0.3,8.1
648,T.J. Warren,3.5,1.3,0.5,0,15.5
187,Tacko Fall,2.5,0.1,0.1,0.8,2.7
217,Taj Gibson,5.4,0.7,0.8,0.9,5.2
294,Talen Horton-Tucker,2.7,2.5,0.9,0.4,8.7
524,Taurean Prince,3.5,1.9,0.7,0.6,9.5
525,Taurean Prince,2.8,0.6,0.7,0.7,8.1
526,Taurean Prince,3.7,2.4,0.7,0.5,10.1
399,Terance Mann,3.7,1.7,0.4,0.2,6.8
150,Terence Davis,2.1,1.1,0.5,0.2,7.2
151,Terence Davis,1.9,1.1,0.5,0.2,6.9
152,Terence Davis,2.3,1.1,0.6,0.3,8
190,Terrance Ferguson,0.1,0.2,0.1,0,0.2
558,Terrence Ross,3.4,2.3,1,0.5,15.6
559,Terry Rozier,4.2,4.1,1.2,0.4,20.4
397,Theo Maledon,3.4,3.5,0.9,0.1,9.8
680,Thaddeus Young,6.2,4.2,1.1,0.6,12.1
19,Thanasis Antetokounmpo,2.4,0.9,0.4,0.2,3.2
506,Theo Pinson,0.1,0.1,0,0,0.1
98,Thomas Bryant,6.1,1.5,0.4,0.8,14.3
396,Thon Maker,2.3,0.5,0.3,0.5,3.8
205,Tim Frazier,1.3,2.3,0.3,0,1.3
250,Tim Hardaway,3.4,1.7,0.4,0.2,15.6
393,Timothe Luwawu-Cabarrot,2.4,1.2,0.6,0.1,6.6
264,Tobias Harris,7.1,3.6,1,0.9,20
566,Tomas Satoransky,2.4,4.9,0.8,0.2,7.8
75,Tony Bradley,5.6,0.8,0.4,0.7,7
76,Tony Bradley,5.2,0.9,0.3,0.7,5.5
77,Tony Bradley,6.1,0.8,0.5,0.7,8.9
586,Tony Snell,2.4,1.3,0.2,0.3,5.5
140,Torrey Craig,3.6,0.9,0.6,0.4,4.7
141,Torrey Craig,2.4,0.9,0.5,0.4,2.5
142,Torrey Craig,4.6,1,0.6,0.4,6.7
681,Trae Young,3.9,9.6,0.9,0.2,25.3
343,Tre Jones,0.4,0.7,0.2,0,1.9
651,Tremont Waters,0.6,2,0.6,0,2.8
199,Trent Forrest,0.4,1.1,0.2,0.1,0.9
24,Trevor Ariza,4.6,1.8,0.8,0.6,8.7
100,Trey Burke,0.9,1.4,0.6,0.1,6.7
394,Trey Lyles,3.7,0.6,0.3,0,5
610,Tristan Thompson,8,1.1,0.4,0.5,7.8
94,Troy Brown,3.1,0.9,0.3,0.2,4.7
95,Troy Brown,2.9,0.9,0.1,0.2,4.3
96,Troy Brown,3.4,0.8,0.5,0.2,5.5
324,Ty Jerome,2.8,3.6,0.6,0.1,10.4
52,Tyler Bey,1.1,0.1,0,0.1,1.3
133,Tyler Cook,2.5,0.5,0.2,0,3.5
134,Tyler Cook,0.5,0.5,0,0,0.5
135,Tyler Cook,2.9,0.5,0.3,0,4.2
277,Tyler Herro,4.9,3.4,0.7,0.4,14.9
333,Tyler Johnson,1.9,1,0.4,0,5.6
599,Tyrell Terry,0.5,0.5,0.5,0,1
244,Tyrese Haliburton,3,5.2,1.3,0.5,12.8
412,Tyrese Maxey,1.5,1.7,0.4,0.2,7.5
7,Ty-Shon Alexander,0.6,0.1,0,0.1,0.7
344,Tyus Jones,2.1,3.9,1,0.1,6.8
30,Udoka Azubuike,1.1,0,0.1,0.3,1
110,Vernon Carey,1.4,0.1,0.1,0.3,2.5
479,Victor Oladipo,4.8,4.6,1.4,0.4,19.8
480,Victor Oladipo,5.7,4.2,1.7,0.2,20
481,Victor Oladipo,4.8,5,1.2,0.5,21.2
482,Victor Oladipo,3.5,3.5,1.8,0.5,12
509,Vincent Poirier,1.4,0.2,0,0.3,0.8
107,Vlatko Čančar,1.1,0.3,0.3,0.1,1.4
182,Wayne Ellington,1.9,1.4,0.4,0.2,9.6
112,Wendell Carter,8.2,2,0.7,0.8,11.8
113,Wendell Carter,7.8,2.2,0.6,0.8,10.9
114,Wendell Carter,9.1,1.6,1,0.9,13.9
207,Wenyen Gabriel,1.7,0.7,0.2,0.2,2.2
310,Wesley Iwundu,2.2,0.4,0.4,0.1,2.5
311,Wesley Iwundu,1.9,0.4,0.4,0.1,2.1
312,Wesley Iwundu,2.6,0.4,0.4,0.1,3.2
411,Wesley Matthews,1.5,0.9,0.6,0.3,4.5
39,Will Barton,4,3.2,0.9,0.4,12.7
395,Will Magnay,0,0,0,0,0
117,Willie Cauley-Stein,4.3,0.7,0.4,0.8,5.6
276,Willy Hernangomez,6.4,0.9,0.4,0.5,6.7
614,Xavier Tillman,4.4,1.3,0.8,0.6,6.8
192,Yogi Ferrell,2,3.5,1,0.3,8.3
193,Yogi Ferrell,3.5,2.5,1.5,0.5,9.5
194,Yogi Ferrell,0.5,4.5,0.5,0,7
650,Yuta Watanabe,3.2,0.7,0.5,0.4,4.2
371,Zach LaVine,5.1,5.1,0.8,0.5,27.5
462,Zeke Nnaji,1.5,0.2,0.2,0.1,3.1
667,Zion Williamson,7.2,3.6,0.9,0.6,26.9
